candidate,raw_count,message_reach
bmw,2440,1413
toyota,652,527
audi,885,517
acura,860,515
tl,756,493
cts,672,412
3 series,839,391
pontiac,509,356
honda,420,340
lexus,444,310
infiniti,470,308
price,311,265
performance,252,232
fact,240,222
anyone,210,201
others,213,197
volvo,343,196
mercedes-benz,236,194
course,201,189
class,223,181
problem,200,167
is350,209,165
awd,219,164
l toyota,188,163
interior,182,156
lincoln,259,151
luxury,178,149
v6,256,149
gm,204,144
cadillac,182,143
ellps,163,136
segment,156,136
330i,225,134
manual,186,133
msrp,177,132
30k,186,131
wife,148,129
difference,147,129
nissan,235,128
:p,131,128
toyota d,133,126
engine,150,125
leather,162,124
these  car,128,122
forum,133,120
road,136,118
dealer,143,115
40k,160,114
5 series,201,111
tires,130,110
everyone,110,107
volkswagen,144,107
reason,113,106
e90,204,105
cost,120,104
discussion,118,104
handling,110,101
seat,119,100
myself,104,100
mazda,130,99
europe,123,97
rwd,123,97
e46,210,96
weight,121,96
opinion,105,96
quality,113,95
fwd,109,94
warranty,111,93
couple,98,93
size,98,92
reliability,111,92
value,113,92
market,99,91
ford,106,89
thanks,90,89
mine,95,89
regards,90,89
sedan,97,88
mb,95,86
post,88,86
lease,95,84
is250,102,83
caddy,103,83
fun,88,81
experience,88,80
buick,105,80
rest,80,78
saab,96,77
10k,104,77
50k,105,77
options,81,75
terms,85,75
none,76,74
example,77,74
mind,77,74
v8,132,73
sales,88,72
issue,74,71
choice,73,70
question,72,69
features,80,68
sport package,85,68
most people,73,67
s4,193,67
hyundai,95,67
new cts,78,67
track,75,66
lack,68,65
numbers,74,65
porsche,88,65
test,68,65
lots,69,65
35k,90,64
confuse,64,64
torque,78,64
manual transmission,65,64
comparison,71,64
edmunds,65,63
itself,67,63
chevrolet,68,62
back seat,71,62
gas,66,62
board,61,61
drive,63,61
hp,69,60
brakes,79,60
other  car,65,60
driver,66,59
order,59,59
ed,75,59
japan,63,57
:surprise,57,57
plenty,61,57
new car,59,57
sport,62,56
line,61,56
any car,58,55
bimmer,65,55
dealership,58,54
snow,65,54
toyota mics,62,54
brand,60,54
coupe,58,53
ride,56,53
competition,59,53
nobody,55,53
category,55,52
whatever,52,52
front,58,52
option,58,51
kind,52,51
matter,52,50
you guys,53,50
posts,51,50
subaru,56,50
15k,63,50
yourself,48,48
decision,57,48
idea,51,48
325i,82,48
acceleration,53,48
wheels,50,48
folks,56,48
surprise,55,48
highway,54,47
nav,52,47
stick,66,47
comments,48,47
friend,48,47
dealers,48,46
20k,68,46
sense,47,46
thread,50,46
great car,48,46
suspension,47,45
base,51,44
premium,48,43
other hand,44,43
type,53,43
transmission,48,42
germany,51,42
x3,92,42
maintenance,48,41
e30,78,41
1 series,107,41
prices,42,41
300hp,61,41
service,43,41
530i,80,41
article,45,41
facts,47,41
dodge,46,40
mileage,42,40
one thing,40,40
depreciation,54,40
45k,61,40
blush,39,39
thousands,45,39
$30k,45,39
no one,41,39
opinions,44,39
reasons,39,39
repairs,43,39
ls,48,38
statement,42,38
luxury car,43,38
guy,40,38
steering,39,38
majority,39,38
topic,39,38
styling,42,38
friends,40,38
manuals,47,37
style,41,37
kids,41,37
bunch,40,37
stuff,38,37
purchase,39,37
garage,39,36
logic,40,36
instance,36,36
parts,42,36
resale,38,36
same thing,36,36
ow,35,35
exterior,36,35
328xi,50,35
themselves,35,35
911s,57,35
miles,36,35
corners,41,35
owners,37,35
future,37,34
2.0t,37,34
$40k,40,34
month,39,34
bit,34,34
shipo,34,34
issues,37,33
sports sedan,35,33
hell,34,33
manufacturer,33,33
same time,34,33
bottom,35,33
100k,46,33
germans,36,33
speed,41,33
gs,39,33
test drive,34,33
room,34,33
looks,36,32
335xi,59,32
no way,32,32
eyes,34,32
space,39,32
sort,33,32
apples,49,32
2008 cts,35,32
wheel,35,32
sts,38,32
addition,32,32
chance,36,32
sunroof,35,32
badge,39,32
winter,35,32
buyer,37,32
area,33,31
new one,31,31
past,31,31
deal,36,31
factor,35,31
door,37,31
sports package,34,31
clutch,32,31
25k,38,31
ya,33,31
wood,36,31
yours,33,31
bluetooth,34,30
only thing,30,30
invoice,36,30
cr,39,30
models,30,30
ownership,31,30
interest,31,30
e36,52,30
reality,31,30
60k,43,30
town,32,30
cash,35,30
rear,36,30
truth,30,30
many people,30,29
reviews,29,29
those  car,30,29
model,32,29
argument,31,29
prestige,42,29
design,29,29
mini,39,29
buyers,30,29
corner,38,29
u.s,39,29
trunk,32,29
base model,33,29
rl,40,28
chassis,30,28
safety,32,28
nice car,28,28
c350,58,28
view,28,28
doors,30,28
3 years,32,28
technology,28,28
oil,30,28
32k,39,28
rocky,28,28
turbo,29,27
sport sedan,32,27
trip,33,27
toyota  access,32,27
navi,28,27
bmw 3 series,27,27
link,28,27
resale value,30,26
middle,26,26
ellps segment,33,26
36k,33,26
whom,27,26
consideration,28,26
manual tranny,31,26
price range,28,26
i6,59,26
trouble,31,26
manufacturers,30,26
same price,29,26
automatics,30,26
diesel,41,26
330xi,48,26
ones,26,26
es350,28,26
criteria,26,25
em,28,25
aluminum,32,25
level,25,25
suv,27,25
book,25,25
l toyota ed,26,25
more power,27,25
date,26,25
mark,25,25
steering wheel,26,25
hood,27,25
current cts,28,25
driving,25,25
all  car,26,25
repair,26,24
japanese,24,24
best car,27,24
cadillac cts,26,24
result,26,24
joke,25,24
every car,26,24
sport suspension,26,24
39k,27,24
cons,24,24
sports car,27,24
sticker,24,24
bottom line,24,24
feeling,24,24
spite,25,24
same car,24,24
word,24,23
salesman,30,23
dollars,23,23
favor,23,23
comment,24,23
first place,25,23
luxury  car,24,23
sale,24,23
bmw  sedan,24,23
most  car,25,23
premium package,29,23
factory,23,23
delivery,24,23
no idea,23,23
dad,25,23
information,23,23
roads,24,23
dash,25,23
pics,26,23
fuel,27,23
winter tires,35,23
pricing,25,23
fan,25,23
daughter,32,23
customers,26,23
incentives,25,22
gas mileage,23,22
production,24,22
research,24,22
interiors,27,22
suvs,25,22
crap,24,22
louiswei,22,22
owner,22,22
550i,39,22
eye,23,22
ground,22,22
slushbox,26,22
shop,23,22
law,23,22
buck,24,22
materials,23,22
san diego,23,22
pontiac 5x,23,22
blueguy,22,22
135i,54,22
c dodge ped,24,22
country,22,22
horsepower,24,22
needs,22,22
both  car,22,22
no problem,22,22
luxury brand,26,21
review,24,21
street,21,21
paper,21,21
data,28,21
drivers,22,21
wagon,22,21
automatic transmission,21,21
tl-s,28,21
70s,34,21
torque steer,22,21
acuras,21,21
trade,24,21
cpo,34,21
heated  seat,24,21
new  pontiac,22,21
350z,39,21
anybody,21,21
everybody,21,21
exactly what,21,21
winner,26,21
dollar,25,21
costs,23,21
90s,33,21
response,21,21
good deal,21,21
benchmark,23,21
refinement,22,21
one car,22,21
light,21,20
acura tl,20,20
feedback,20,20
big deal,20,20
backseat,22,20
definition,22,20
next car,20,20
par,22,20
27k,21,20
balance,21,20
snow tires,24,20
e39,33,20
consumer reports,21,20
con nissan tion,20,20
rotors,29,20
pontiac 5 coupe,21,20
new  bmw,22,20
leasing,22,20
respect,20,20
hands,20,20
90%,21,20
mix,19,19
butt,22,19
all the  car,19,19
heck,19,19
curves,20,19
s2000,20,19
mt,23,19
many  car,20,19
choices,19,19
product,21,19
tax,25,19
good luck,19,19
performance sedan,21,19
60 mph,22,19
$35k,23,19
toyota s,19,19
no need,19,19
c230,30,19
title,19,19
america,22,19
ex toyota,19,19
parents,19,19
navigation,21,19
33k,21,19
heart,19,19
two  car,19,19
driveway,22,19
1-series,20,19
exception,18,18
half,18,18
stats,21,18
pleasure,20,18
cvt,31,18
king,18,18
advantage,18,18
r&t,20,18
c280,41,18
amg,18,18
c300,38,18
no reason,18,18
material,18,18
handles,19,18
pictures,20,18
experiences,18,18
bank,20,18
german  car,20,18
better car,18,18
hand,18,18
transmissions,19,18
traffic,21,18
new tl,19,18
foot,19,18
infiniti  pontiac,18,18
most part,20,18
long time,18,18
munich,30,18
jaguar,20,18
70k,32,18
:blush,17,17
t5,22,17
attention,19,17
24k,23,17
picture,18,17
competitors,17,17
control,21,17
truck,20,17
straight line,17,17
pads,25,17
platform,23,17
enthusiasts,19,17
enthusiast,18,17
host,17,17
links,19,17
taste,17,17
entry level,20,17
es,19,17
tastes,17,17
price point,17,17
no  problem,17,17
saabs,22,17
subject,18,17
americans,18,17
best regards,17,17
california,19,17
edge,18,17
rfts,21,17
first time,17,17
somebody,17,17
xm,28,17
plastic,21,17
12k,20,17
step,17,17
trucks,16,16
congrats,16,16
what kind,16,16
tranny,19,16
engines,16,16
feature,21,16
equation,16,16
fedlawman,17,16
maintenance costs,20,16
infinity,18,16
great deal,16,16
xenons,17,16
7 series,21,16
manual transmissions,16,16
proof,17,16
these vehicles,16,16
audis,16,16
5 years,16,16
ability,19,16
other people,16,16
junk,19,16
38k,21,16
few years,16,16
which one,16,16
source,17,16
no sense,16,16
chrysler,19,16
s40,21,16
6 speed,17,16
driver'seat,18,16
x5,28,16
moment,16,16
mpg,17,16
age,16,16
metallic paint,19,16
finish,16,16
shrug,16,16
less money,16,16
personal experience,16,16
driving experience,16,16
video,19,16
mazd audi,18,16
bill,17,16
34k,22,15
floor,16,15
neither,15,15
desire,15,15
habitat,16,15
cooper,16,15
fuel economy,16,15
big difference,16,15
e class,19,15
toyota  v6,15,15
answer,16,15
gasoline,24,15
80k,19,15
sh,15,15
website,15,15
it.i,15,15
sport  sedan,16,15
e320,26,15
perspective,16,15
previous generation,15,15
rockylee,15,15
inside,15,15
28k,17,15
sports  car,16,15
straight line performance,17,15
tons,15,15
search,15,15
many others,15,15
series,16,15
guess,16,15
cayman,18,15
37k,18,15
moonroof,19,15
new  car,15,15
c&d,16,15
european delivery,17,15
march,17,15
press,16,15
no options,15,15
rock,15,15
same class,16,15
only car,15,15
leatherette,20,15
thoughts,15,15
face,16,15
period,15,15
passion,15,14
pig,15,14
t6,19,14
consumers,15,14
oil change,15,14
limits,16,14
chicago,17,14
100%,14,14
words,15,14
real world,14,14
rain,14,14
memory,16,14
content,16,14
american car,15,14
bmw  coupe,14,14
taxes,20,14
rwd car,15,14
same category,14,14
gs350,18,14
standard,16,14
payment,15,14
tire,17,14
position,14,14
gadgets,15,14
comparo,14,14
44k,19,14
total,15,14
form,14,14
honda  v6,14,14
:confuse,14,14
e92,26,14
discount,14,14
dime,14,14
front seat,17,14
paddle shifters,16,14
blueguydotcom,15,14
metal,16,14
posters,14,14
entry level luxury performance  sedan,15,14
20s,16,14
stock,17,14
6-speed,16,14
stereo,15,14
dsg,16,14
volvo r,21,14
page,14,14
cadillacs,16,14
23k,16,14
155k,15,14
info,15,14
autobahn,17,14
10ths,20,14
turn,15,14
price difference,14,14
slalom,17,14
evo,14,14
turns,13,13
fire,17,13
same league,14,13
brother,14,13
bmw owners,15,13
summer,14,13
kid,13,13
sirius,15,13
26k,16,13
image,13,13
oranges,14,13
budget,13,13
43k,18,13
saturn,15,13
site,16,13
internet,13,13
its class,18,13
only way,13,13
joy,13,13
daily driver,13,13
figures,16,13
z4,20,13
its competitors,13,13
ferrari,16,13
outside,13,13
fwd car,16,13
short l toyota,14,13
vacation,18,13
alot,14,13
dinan,25,13
hour,13,13
amount,15,13
discounts,13,13
decades,13,13
japanese  car,15,13
local dealer,14,13
prog dodge,14,13
extended warranty,14,13
sub,13,13
tl sh awd,17,13
standard equipment,14,13
jag,13,13
habitat1,14,13
piece,14,13
comparisons,13,13
sound,13,13
computer,15,13
color,14,13
months,13,13
knees,13,13
ultimate driving machine,13,13
questions,13,13
interior space,13,13
insurance,13,13
three years,16,13
what car,13,13
la,14,13
guys,13,13
situation,13,13
shame,12,12
rear seat,12,12
miata,14,12
deals,12,12
sales numbers,13,12
any case,12,12
bad thing,12,12
public roads,12,12
radio,12,12
any other car,16,12
hill,13,12
trigger,12,12
those things,12,12
body,12,12
results,12,12
d toyota,13,12
funny thing,12,12
same size,12,12
co,16,12
claim,14,12
wheelbase,14,12
two years,13,12
credit,14,12
base tl,12,12
navigation system,12,12
air,13,12
real leather,15,12
$10k,12,12
chip,13,12
record,12,12
mom,13,12
controls,14,12
german car,12,12
peace,13,12
6-speed manual,12,12
art,12,12
c6,17,12
regard,14,12
is300,13,12
specs,12,12
toyota ed,12,12
heartbeat,12,12
earth,12,12
either,12,12
spring,13,12
roof,12,12
m45,23,12
lol,12,12
products,12,12
heat,16,12
nav system,14,12
first car,13,12
cd,15,12
usa,15,12
story,12,12
savings,14,12
luck,12,12
good handling,14,12
uk,13,12
ditto,13,12
advice,12,12
3000lbs,15,12
infinitis,13,12
imho,12,12
hard time,12,12
touch,12,12
these forums,12,12
lesson,12,12
loaner,12,12
motor,15,12
mid,12,12
cabin,12,12
kd,12,12
bargain,12,11
american  car,12,11
imports,12,11
2  car,11,11
key,12,11
evidence,13,11
same engine,12,11
marketing,12,11
honda/acura,11,11
account,11,11
real wood,15,11
cockpit,11,11
mile,15,11
office,11,11
window,11,11
z06,15,11
pressure,11,11
shifter,12,11
current car,11,11
nj,11,11
throttle,11,11
competitor,11,11
all season tires,11,11
beauty,11,11
entry level luxury performance sedan,11,11
death,11,11
assessment,11,11
expense,11,11
60s,17,11
cupholders,12,11
decade,11,11
other brands,11,11
electronics,11,11
preferences,12,11
rear  seat,14,11
freeway,12,11
debate,11,11
requirements,11,11
nope,11,11
differences,12,11
domestics,16,11
blast,11,11
p.s,11,11
engineering,12,11
tank,11,11
front wheel drive,13,11
audi s,12,11
jd powers,14,11
tech,11,11
sun,13,11
waste,11,11
yikes,12,11
noise,12,11
windows,11,11
current  bmw,13,11
few months,11,11
ergonomics,11,11
rebates,13,11
bmw dealer,11,11
limit,11,11
22k,14,11
any number,11,11
current model,11,11
55k,14,11
1/4 mile,11,11
stick shift,12,11
entry-level,12,11
base price,13,11
zhp,12,11
weekend,11,11
tl type-s,11,11
showroom,11,11
roomy,11,11
toyota ics,12,11
member,12,11
north america,13,11
points,12,11
same way,12,11
19  wheels,11,11
200hp,12,11
tw,11,11
300 hp,12,11
more money,11,11
new  audi,14,11
check,15,11
99%,11,11
h toyota ory,12,11
equipment,14,11
other words,11,11
beginning,12,11
bias,12,11
leases,12,11
buddy,11,11
free maintenance,11,11
infiniti x,12,11
top gear,11,10
last generation,12,10
paint,13,10
rims,10,10
good thing,10,10
sunday,10,10
s5,23,10
passengers,11,10
4 years,10,10
boston,10,10
new bmw,10,10
articles,10,10
good car,10,10
package,10,10
reputation,14,10
sports,12,10
luxury brands,11,10
bigger engine,10,10
math,10,10
figure,10,10
same amount,10,10
re,10,10
new model,12,10
entry,10,10
pat,11,10
accessories,10,10
clk,10,10
31k,16,10
epa,12,10
cake,11,10
quest,10,10
boat,10,10
bmw 5 series,10,10
variety,11,10
regular basis,10,10
these boards,10,10
better value,12,10
fun factor,11,10
dc,10,10
chrome,12,10
m toyota ake,11,10
rattles,10,10
ads,16,10
priority,11,10
e9x,15,10
brands,10,10
aftermarket,10,10
himself,10,10
preference,10,10
every way,10,10
original post,10,10
turbo lag,14,10
access,10,10
acura  v6,11,10
manual gearbox,10,10
main reason,10,10
friday,11,10
47k,15,10
pros,10,10
porsches,10,10
more fun,10,10
leg,11,10
concept,10,10
best bang,10,10
tl 6-speed,11,10
race,10,10
dust,10,10
5-speed,10,10
residual value,10,10
worker,11,10
son,10,10
customer,10,10
5k,10,10
these days,10,10
each car,11,10
dvd,13,10
v70,15,10
forums,10,10
magazines,12,10
lemon,12,10
break,10,10
pocket,11,10
switch,12,10
48k,10,10
bose,11,10
last time,10,10
pack,10,10
enjoyment,10,10
pontiac 5 sport,10,10
prestige factor,11,10
labor,10,10
oil changes,12,10
repair costs,11,10
325is,12,10
tl sh-awd,11,10
shipping,10,10
boxster,10,10
box,12,10
april,10,10
$32k,10,10
advance,10,10
52k,12,10
fwd  car,10,9
neighbor,9,9
any kind,9,9
lotus,10,9
mouth,9,9
50%,11,9
purchase price,9,9
fiancee,9,9
18k,10,9
physics,9,9
new class,9,9
replacement,9,9
ring,11,9
neighborhood,9,9
millions,10,9
china,10,9
ticket,10,9
canada,9,9
atlanta,11,9
vast majority,10,9
06 330i,9,9
8 years,10,9
awd system,9,9
traction,10,9
discussions,9,9
cincinnati,11,9
mirrors,12,9
u.k,9,9
better handling,9,9
sound system,9,9
its competition,9,9
carbon fiber,9,9
ice,10,9
run flats,13,9
good idea,9,9
loads,9,9
toyota les,10,9
driving  toyota mics,9,9
sportiness,9,9
last year,9,9
gauges,10,9
used car,9,9
nose,9,9
employees,9,9
honda s,9,9
brake pads,9,9
bmw s,11,9
sake,10,9
own experience,9,9
spare tire,10,9
goal,10,9
08' cts,13,9
w/,9,9
factory warranty,9,9
previous post,9,9
buying,9,9
process,9,9
length,10,9
mp3s,9,9
more  toyota,12,9
leather  seat,10,9
6 speed manual,9,9
october,11,9
rs,11,9
torque vectoring,11,9
requirement,10,9
dog,15,9
kia,10,9
priorities,9,9
benefits,10,9
damage,11,9
purpose,9,9
generation,11,9
41k,10,9
2007  pontiac,10,9
18  wheels,10,9
pontiac 5 sedan,9,9
last few years,9,9
potholes,9,9
huge difference,10,9
range,9,9
companies,10,9
cases,9,9
300c,15,9
long term,9,9
36 months,10,9
motor trend,10,9
many folks,9,9
new  nissan,9,9
is250/350,10,9
streets,10,9
reference,9,9
cup,9,9
park,9,9
news,9,9
traction control,10,9
kdshapiro,11,9
pleather,9,9
;-)best regards,9,9
likes,9,9
last gen,9,9
hills,10,9
150k,12,9
$15k,11,9
consumer,9,9
luxury package,11,9
hmmm,9,9
another story,9,9
small car,11,9
07  pontiac,9,9
mbs,9,9
mazda peed3,10,9
every option,10,9
december,9,9
cc,9,9
these things,9,9
hope,9,9
new g,9,9
6-speed stick,9,9
packages,9,9
$20k,9,9
auto tranny,10,9
so what,9,9
42k,11,9
lower price,9,9
d toyota ance,10,9
new  volvo,10,9
thinking,10,9
other vehicles,9,9
mitsubishi,9,9
automatic transmissions,9,9
impression,9,9
fortune,9,9
bus,10,9
luxury  sedan,9,9
logo,12,9
equivalent,10,9
muscle car,11,9
girlfriend,9,8
weather,9,8
those numbers,8,8
its way,8,8
new  acura,8,8
many years,8,8
very nice car,8,8
second choice,8,8
pot,8,8
other models,8,8
january,8,8
honda s2000,8,8
best value,8,8
honda  coupe,11,8
hosts,8,8
volvos,8,8
rule,8,8
acura dealer,8,8
bar,9,8
'08 cts,10,8
description,8,8
29 audis,9,8
hydrogen,21,8
driving style,8,8
pavement,8,8
term,9,8
pain,8,8
performance  sedan,8,8
fair amount,8,8
wind,8,8
base  bmw,8,8
30k miles,8,8
display,9,8
energy,13,8
uaw,10,8
success,9,8
bicycle,8,8
ca,8,8
all that,8,8
individual,9,8
lease end,10,8
k toyota,9,8
ru toyota,9,8
loss,8,8
brake,13,8
feet,8,8
each vehicle,8,8
customer service,8,8
engineers,8,8
headroom,9,8
cheaper  car,9,8
members,8,8
those people,8,8
only reason,8,8
near future,8,8
sides,8,8
ellps category,8,8
convertibles,8,8
toyota ent,8,8
46k,11,8
avg,9,8
mi chevrolet,8,8
dude,8,8
4 doors,9,8
gm products,9,8
accident,8,8
profit,8,8
rear wheel drive,8,8
effect,8,8
previous car,8,8
any means,8,8
speeds,9,8
gobs,8,8
80s,12,8
mountains,8,8
few things,8,8
bmw / bmw,8,8
nice  car,8,8
smile,9,8
e46  bmw,8,8
button,10,8
is250 awd,8,8
such a thing,8,8
performance car,8,8
bgdc,8,8
bimmers,8,8
better buy,9,8
either car,8,8
4 people,9,8
nice interior,8,8
lines,8,8
warranty period,8,8
extra money,8,8
$45k,12,8
more horsepower,8,8
industry,8,8
improvement,9,8
top speed,8,8
3  car,8,8
trade-in,8,8
sales tax,10,8
better deal,9,8
6 years,8,8
battery,8,8
other ellps,8,8
i4,13,8
its price,8,8
shock,8,8
conditions,8,8
run-flats,9,8
fingers,8,8
magazine,8,8
economy car,9,8
trick,8,8
tea,8,8
understanding,9,8
college,8,8
best deal,8,8
mazda r,8,8
clock,9,8
tests,9,8
advertising,9,8
just me,8,8
ventilated  seat,9,8
context,8,8
loaded  bmw,9,8
new ones,9,8
more luxury,8,8
infiniti  coupe,9,8
standards,8,8
arguments,8,8
payments,10,8
400hp,13,8
screen,8,8
tv,9,8
austria,12,8
switzerland,11,8
no difference,8,8
nail,8,8
four doors,8,8
father,9,8
volvo  t6,10,8
cloth,9,8
average,10,8
sports  sedan,8,8
chips,10,8
ny,10,8
i&#146;m,12,8
coupes,8,8
contrast,8,8
items,9,8
tl sh,8,8
neck,10,8
perception,8,8
vette,13,8
sigh,8,8
e350,16,8
rules,8,8
opportunity,8,8
front end,8,8
ways,8,8
fun car,8,8
mechanic,8,8
any way,8,8
5 seconds,8,8
contender,7,7
great value,8,7
sporty,7,7
tendency,7,7
bug,7,7
excuse,9,7
passenger seat,8,7
dts,7,7
rs4,8,7
all wheel drive,7,7
recall,10,7
current tl,7,7
true cost,9,7
fine car,7,7
brand image,7,7
explanation,7,7
high school,8,7
current 3 series,8,7
rate,7,7
2006 330i,7,7
reach,7,7
vote,7,7
these features,8,7
europeans,7,7
quieter,7,7
target,7,7
contention,7,7
toyota r,7,7
fault,7,7
charge,7,7
france,11,7
february,7,7
arm,7,7
little research,7,7
geez,8,7
un toyota able,7,7
dough,7,7
paddle shifter,7,7
all kinds,8,7
most fun,7,7
bells,8,7
keyless entry,7,7
september,8,7
soul,7,7
ed invoice,7,7
pants,7,7
passenger,8,7
failure,7,7
nada,8,7
resale values,7,7
plan,7,7
abs,8,7
airbags,7,7
xenon,9,7
idrive,7,7
sports suspension,7,7
rear brakes,8,7
factors,7,7
badges,7,7
lincoln  interior,8,7
move,7,7
rental,7,7
salt,7,7
540i,17,7
fun  car,8,7
redesign,7,7
luggage,8,7
fleet,7,7
i  toyota d,8,7
compromises,8,7
no comparison,7,7
new    mercedes-benz,8,7
unions,8,7
sport  seat,7,7
great  car,7,7
gms,8,7
fiance,8,7
good point,7,7
no means,7,7
new 3 series,7,7
4 door,7,7
tls,7,7
tl type,7,7
road noise,9,7
rankings,7,7
gap,7,7
car.i,7,7
deck,7,7
curiosity,7,7
other options,7,7
sentence,7,7
land,7,7
direction,7,7
selling price,7,7
all  bmw,7,7
non,7,7
another car,7,7
soft  seat,10,7
fans,8,7
mazda peed,7,7
its value,7,7
dna,7,7
e60,14,7
almost all,7,7
planet,7,7
good example,7,7
previous model,7,7
tune,7,7
substance,7,7
dirt,8,7
more  car,7,7
no cost,7,7
stability control,8,7
lot less money,7,7
phoenix,7,7
great handling,7,7
sensors,8,7
added weight,8,7
2004 tl 6-speed,7,7
q45,14,7
1995  nissan,7,7
expectations,7,7
s6,13,7
s toyota,7,7
breath,7,7
wallet,7,7
dealerships,7,7
xlr,9,7
runflats,7,7
doubt,7,7
those  seat,7,7
potential,7,7
155k miles,7,7
same platform,7,7
bumper,8,7
european  car,8,7
purchases,7,7
lunch,7,7
most cases,7,7
test drives,7,7
almost everything,7,7
bi,7,7
18s,14,7
homelink,8,7
big fan,7,7
lease payment,7,7
any bmw,7,7
2 years,7,7
american,7,7
frequency,7,7
several years,7,7
53k,9,7
interior design,7,7
joe,7,7
lexus models,7,7
statements,7,7
combination,8,7
run,7,7
coffee,7,7
fix,7,7
$33k,7,7
xenon headlights,7,7
diesels,8,7
first gen,8,7
other factors,7,7
any sense,7,7
'05 tl,7,7
2011  bmw,7,7
black interior,8,7
same sentence,7,7
gallon,7,7
loan,8,7
tco,8,7
morning,9,7
van,7,7
pair,7,7
no doubt,7,7
6 speed stick,7,7
bonus,7,7
availability,7,7
shoes,7,7
smooth ride,7,7
every other car,7,7
chain,7,7
increase,8,7
un toyota,7,7
luxury part,7,7
note,8,7
hours,7,7
deer,10,7
max,9,7
bmw interior,7,7
enemy,7,7
more sense,7,7
same options,8,7
mini cooper,7,7
suggestion,7,7
plekto,7,7
entry-level luxury performance  sedan,8,7
summer tires,7,7
parking lot,7,7
economy,7,7
demand,10,7
percentage,8,7
2nd,9,7
original poster,7,7
n55,10,7
c230k,10,7
audi s4,7,7
straight face,7,7
v-10,7,7
crank,9,7
legs,7,7
hotel,13,7
sticks,8,7
local dealership,7,7
development,7,7
nephew,10,7
hundreds,8,7
tech package,7,7
bugatti,7,7
jets,8,7
financing,7,7
return,8,7
arms,8,7
front wheels,9,7
knowledge,7,7
console,9,7
vibration,8,7
trunk space,9,7
kicks,7,7
catera,7,7
november,7,7
535xi,12,7
cpo  car,8,7
june,8,7
measure,7,7
sti,7,7
car  l toyota ed,6,6
version,6,6
x type,10,6
oldcem,6,6
status,6,6
exterior styling,6,6
snows,6,6
plus,6,6
compromise,6,6
hatch,8,6
rails,6,6
crack,6,6
sh-awd,6,6
almost everyone,6,6
2005  audi,6,6
seconds,6,6
rating,6,6
40s,8,6
wrong,6,6
fit,6,6
dvd-audio,6,6
better choice,6,6
adults,6,6
real sports car,6,6
lexus es350,6,6
ic,6,6
model year,6,6
gears,6,6
crude oil,8,6
grille,6,6
excuses,6,6
capabilities,6,6
new lexus,8,6
530xi,12,6
guide,6,6
current crop,6,6
both vehicles,6,6
imo.regards,6,6
10 years,8,6
sf,6,6
vdim,7,6
sport suspension package,6,6
better fuel economy,7,6
racetrack,6,6
credibility,6,6
rwd version,6,6
sign,6,6
viewpoint,6,6
summary,6,6
no market,6,6
era,7,6
brand new car,6,6
scenery,6,6
dallas,7,6
skidpad,6,6
-)best regards,6,6
fluids,6,6
minds,6,6
following,6,6
mf,6,6
pletko,6,6
detroit,9,6
dinner,7,6
chat,6,6
offer,7,6
interstate,6,6
club,7,6
5 speed auto,6,6
another bmw,6,6
suggestions,7,6
loaded  toyota,6,6
ct,6,6
real aluminum,7,6
cts interior,6,6
extra weight,7,6
crash,7,6
quote,6,6
its interior,6,6
rocket,7,6
emphasis,6,6
ellps class,6,6
sounds,6,6
notch,6,6
next year,6,6
praise,6,6
scheduled maintenance,7,6
train,6,6
ed pricing,6,6
character toyota ics,6,6
any difference,6,6
lexus gs,6,6
crossover,6,6
bed,6,6
caddy cts,6,6
collision,7,6
reasoning,6,6
destination charge,7,6
mags,7,6
wash,6,6
no issues,6,6
center console,6,6
25mpg,9,6
its part,6,6
good value,7,6
hit,6,6
good reviews,7,6
input,6,6
great fun,6,6
big bucks,6,6
copy,7,6
edges,6,6
quite a bit,6,6
real toyota,6,6
electrical issues,6,6
market place,6,6
arrogance,6,6
17k,7,6
how many people,6,6
opposite,6,6
$10k difference,6,6
ourselves,6,6
poster,6,6
any issues,7,6
first year,6,6
another one,6,6
more people,6,6
boot,6,6
rumor,6,6
ac,6,6
20 years,6,6
acura  sales,11,6
sporty  car,6,6
only difference,7,6
lets,6,6
sporty  sedan,6,6
hahaha,6,6
m-b,6,6
all things,6,6
winter wheels,7,6
stretch,6,6
jd power,6,6
purposes,7,6
high quality,6,6
interior quality,7,6
grain,7,6
325xi,8,6
attributes,6,6
which car,7,6
lexus is350,6,6
performance  car,6,6
local bmw dealer,6,6
grill,6,6
buttons,7,6
dumbest buy,7,6
any   premium  brand base model vehicle,6,6
twin turbo,6,6
verdict,7,6
last couple,6,6
pick,6,6
destination,6,6
gear,8,6
only time,6,6
power  seat,6,6
another poster,6,6
share,6,6
not everyone,6,6
amenities,6,6
its size,6,6
trim,7,6
south,6,6
ex,10,6
ellps  car,6,6
wind noise,6,6
only options,6,6
extent,6,6
otoh,6,6
theirs,6,6
leader,6,6
loyalty,7,6
full msrp,6,6
fwd sedan,7,6
scale,7,6
jack,6,6
different people,6,6
dec,6,6
appointment,7,6
speed limit,6,6
f1,12,6
japanese car,6,6
court,6,6
august,6,6
route,6,6
spot,6,6
merc,6,6
brain,6,6
different story,6,6
bits,6,6
any ellps,6,6
18  wheel,8,6
few others,6,6
lights,6,6
compact,6,6
improvements,7,6
report,6,6
liking,6,6
upgrade,6,6
boards,6,6
odometer,6,6
houses,6,6
boost,6,6
blend,6,6
whole lot,7,6
confidence,6,6
stripped  bmw,7,6
2007 cts,6,6
assumptions,6,6
commute,6,6
little things,6,6
rears,6,6
6 series,9,6
tour,6,6
funds,6,6
license,6,6
layout,6,6
gearbox,6,6
ad,6,6
congratulations,6,6
90k,7,6
sticker price,6,6
bad experience,6,6
other things,6,6
too many people,6,6
apple,6,6
crowd,6,6
italy,8,6
btw,6,6
class leader,7,6
another example,6,6
analysis,6,6
acrua,8,6
switches,6,6
luxury manufacturer,6,6
screaming deal,6,6
( honda,6,6
toy,6,6
utility,6,6
keys,7,6
n54,9,6
reaction,6,6
all the options,6,6
non-permissible content,7,6
infinti,6,6
13k,8,6
pickup,6,6
changes,6,6
action,6,6
wood trim,7,6
same reason,6,6
goodies,6,6
bmw's  bmw,6,6
250hp,9,6
new engine,6,6
final decision,6,6
ellps market,6,6
good job,6,6
which case,6,6
dodge p,6,6
monthly payments,6,6
tl and  acura,7,6
30s,7,6
any event,6,6
boatload,6,6
best buy,6,6
another forum,6,6
field,6,6
nice ride,6,6
better mileage,6,6
50k miles,6,6
center stack,6,6
manual trannies,6,6
stat toyota ics,6,6
15 years,7,6
pull,6,6
auto show,6,6
perfect balance,6,6
80%,8,6
2 adults,6,6
tl sh-awd advance,6,6
japanese counterparts,7,6
hard plastic,6,6
good  car,6,6
structure,6,6
digital compass,6,6
dozens,6,6
high performance,6,6
chevrolet  ss,6,6
degree,6,6
details,6,6
stat,7,6
premium fuel,7,6
it'still,6,6
29k,9,6
few options,6,6
best thing,6,6
sound quality,6,6
whole story,6,6
negatives,7,6
duration,6,6
bulletproof,6,6
slush,6,6
bundle,5,5
18 months,6,5
2 weeks,5,5
revs,6,5
ymmv,5,5
hvac,5,5
exhaust,8,5
bentley,7,5
seat heaters,5,5
ohio,5,5
all-season tires,5,5
bmw 's interior,5,5
no object,5,5
authority,5,5
claims,5,5
drop,5,5
inline,7,5
last post,5,5
shoulders,5,5
sp,6,5
center,5,5
front rotors,9,5
200k,6,5
signs,6,5
agreement,5,5
two  bmw,5,5
study,7,5
full stop,5,5
same problem,5,5
$40k car,5,5
marketplace,5,5
all the other  car,5,5
concern,5,5
performance numbers,7,5
good grief,5,5
bike,5,5
science,5,5
allocation,5,5
previous posts,5,5
starting price,6,5
combo,6,5
sunroofs,5,5
formula,5,5
growl,5,5
pontiac 5s,6,5
above,5,5
maserati,5,5
good one,5,5
mod,6,5
$39k  bmw,5,5
suzuki,5,5
average reliability,5,5
220hp,6,5
pur toyota,6,5
handling department,5,5
first post,5,5
makes,5,5
mercury,6,5
incident,5,5
message,5,5
aluminum trim,6,5
$50k,5,5
5s,5,5
lsd,5,5
atlanta auto show,5,5
memory  seat,5,5
deal breaker,5,5
sales guy,6,5
every vehicle,5,5
dings,6,5
bmw drivers,5,5
luxury performance,5,5
80 mph,6,5
hassle,5,5
good gas mileage,5,5
e63,6,5
c63,5,5
600hp,8,5
500hp,8,5
toyota ance,5,5
electri honda,13,5
bmw interiors,5,5
brake dust,6,5
great gas mileage,5,5
tool,5,5
10x,9,5
328/335,5,5
300zx,7,5
top priority,5,5
second set,5,5
brake/rotor issues,6,5
great deals,5,5
girl,5,5
legroom,5,5
ellps forum,5,5
sept,6,5
breed,5,5
few days,5,5
rhetoric,5,5
evil wife,6,5
child,5,5
few weeks,5,5
different priorities,5,5
driving position,5,5
entry level performance  sedan,5,5
damn thing,5,5
body roll,5,5
interior size,5,5
mechanics,5,5
car companies,6,5
nicks,5,5
5.4 seconds,5,5
f dodge e,5,5
german vehicles,5,5
height,5,5
1k,5,5
leg room,7,5
humans,5,5
bad things,5,5
$36k,5,5
tape,5,5
tracks,6,5
ultra,5,5
father's 1997 park,5,5
relation,5,5
suspension tuning,5,5
wire,5,5
economics,5,5
prob,5,5
views,7,5
bad weather,5,5
5.7 seconds,6,5
few  car,5,5
practicality,6,5
cold weather package,5,5
mods,5,5
how many miles,5,5
springs,5,5
simpli honda,8,5
21k,5,5
bmw dealers,5,5
florida,5,5
turning radius,5,5
sales manager,5,5
nissan/infiniti,6,5
base cts,5,5
all the time,5,5
enough room,6,5
not all,5,5
zero  problem,5,5
ladder,5,5
midsize,5,5
rpm,6,5
slushboxes,5,5
$1k,5,5
price tag,5,5
steal,5,5
block,7,5
prize,5,5
cut,6,5
slk55,5,5
more value,6,5
different strokes,5,5
nvh,5,5
new mini,5,5
4 cyl,5,5
2008' cadillac cts,5,5
no offense,5,5
department,5,5
trend,5,5
these guys,5,5
storage,5,5
pos,6,5
northeast,6,5
bling,8,5
e550,7,5
assumption,5,5
$52k,5,5
ford ed,5,5
most luxury buyers,5,5
its segment,5,5
basis,5,5
rise,10,5
bragging rights,5,5
new thread,5,5
rides,5,5
asia,5,5
:p best regards,5,5
more torque,6,5
these  sedan,5,5
exceptions,5,5
i'll,5,5
good choice,5,5
spirit,5,5
same suspension,5,5
active steering,5,5
sheet metal,5,5
those options,5,5
me.i,5,5
e46 zhp,5,5
approx,6,5
so many people,5,5
impressions,5,5
3rd,5,5
slk,5,5
bet,5,5
bmw website,5,5
luxury market,5,5
street prices,6,5
any thoughts,5,5
wall,5,5
killer,5,5
100mph,6,5
tire rack,5,5
tiny bit,5,5
hair,6,5
51k,6,5
top end,5,5
all these  car,5,5
occasion,6,5
loaner car,5,5
m1,7,5
better performance,6,5
honda  platform,5,5
acura badge,5,5
ls400,6,5
most buyers,5,5
about the same price,5,5
lineup,5,5
excellent handling,5,5
little bit,5,5
australia,5,5
tt,10,5
jobs,5,5
other drivers,5,5
its handling,6,5
base models,5,5
personal experiences,5,5
player,5,5
four years,6,5
more  problem,5,5
business associate,5,5
v6  acura,6,5
driving pleasure,5,5
mazda peed6,7,5
body style,5,5
good looks,5,5
24 months,5,5
any  bmw,5,5
baby,5,5
conclusion,7,5
gloves,5,5
it.you,5,5
agenda,5,5
318ti,10,5
dealer lots,5,5
roundel,5,5
loaded  pontiac,5,5
hoot,5,5
wagons,5,5
old model,5,5
every manufacturer,5,5
i&#146;d,5,5
saturday,5,5
expenses,5,5
main issue,5,5
5 owners,5,5
service manager,5,5
one area,5,5
split,5,5
possibility,5,5
comparable bmw,5,5
gas pedal,5,5
b210,7,5
10th,5,5
tsib,5,5
idiot,5,5
gs350 awd,5,5
climate control,5,5
mp3,5,5
65 mph,5,5
400k,6,5
top notch,5,5
overall performance,5,5
new acura,5,5
muscle  car,6,5
100k miles,5,5
those 3 facts,5,5
good choices,5,5
chore,5,5
july,5,5
current,5,5
floaty,5,5
small  car,5,5
what part,5,5
6-speed mt,5,5
poseurs,5,5
most folks,6,5
rip,5,5
yr,5,5
food,5,5
audi drive,7,5
practice,6,5
laugh,5,5
services,5,5
xi,5,5
sky,5,5
doctor,5,5
idiots,5,5
you people,5,5
more bang,5,5
d toyota inction,5,5
east coast,5,5
beemer,6,5
frequent flyer miles,5,5
kudos,5,5
great choice,5,5
fake wood,5,5
areas,5,5
base 3 series,5,5
enthusiasm,5,5
mixed driving,5,5
dip,5,5
phone,7,5
-loren,5,5
theory,5,5
16k,5,5
rear wheels,5,5
testing,5,5
cl,7,5
all accounts,5,5
30 mpg,5,5
17s,8,5
everyday driving,5,5
bad car,5,5
barrel,7,5
hummer,5,5
weeks,5,5
luxury nameplates,5,5
red,5,5
all the rest,5,5
real life,5,5
best choice,5,5
feelings,5,5
05 tl,5,5
appeal,6,5
advantages,5,5
three  car,5,5
qualities,5,5
valid point,5,5
jiffy lube,7,5
awd car,6,5
3 series sedan,5,5
auto writers,5,5
bmw models,5,5
event,5,5
s500,6,5
big factor,6,5
beak,5,5
305hp,7,5
big step,5,5
ton,5,5
a/c,5,5
trips,6,5
backup camera,5,5
stigma,5,5
last 10 years,5,5
rx,5,5
only one,5,5
fantastic car,5,5
best interior,5,5
closest thing,5,5
free  maintenance,5,5
several people,5,5
diesel prices,5,5
personal preference,5,5
build quality,6,5
bmw  owners,6,5
attitude,5,5
uncle,6,5
most american  car,5,5
big problem,5,5
s4s,7,5
rwd line,7,5
new transmission,5,5
se,7,5
its pointless,5,5
ad dollars,7,5
extreme,5,5
car mags,5,5
one time,5,5
workers,6,5
op,5,5
worries,5,5
hids,6,5
heads,5,5
worth,5,5
nonsense,5,5
woman,5,5
it&#146;s,5,5
chances,6,5
used  car,5,5
$277/mo,5,5
s420,10,5
market share,5,5
4 adults,5,5
evolution,5,5
bmw owner,5,5
shifts,5,5
-60 1/4 mi,5,5
v8 model,5,5
those features,5,5
120k,6,5
same equipment,5,5
fwd platform,5,5
wanna,5,5
no car,5,5
challenge,5,5
leather interior,5,5
environment,5,5
tough time,5,5
water pump,5,5
good news,5,5
local dealers,5,5
first three years,5,5
income,7,5
zsp,5,5
assertion,5,5
skills,5,5
threshold,4,4
everytime,4,4
wrong direction,4,4
more expensive car,4,4
just that,4,4
other posts,4,4
6k,4,4
10%,4,4
luxury vehicle,4,4
blog,4,4
acura  i4,4,4
centage,4,4
living,4,4
all bmw,4,4
half the price,4,4
introduction,4,4
excellent job,4,4
bugs,4,4
electronic nannies,4,4
no interest,4,4
manual mode,7,4
great stereo,4,4
good set,4,4
interior  toyota,4,4
braking,4,4
excitement,4,4
lexus ls,4,4
350s,5,4
pa dodge eters,5,4
every post,4,4
2009 audi,4,4
hopes,4,4
stoplights,4,4
turbos,5,4
its  car,4,4
other posters,4,4
rear passengers,4,4
other stuff,4,4
all-wheel drive,6,4
higher speeds,4,4
recommendation,4,4
curve,4,4
335 coupe,4,4
"4.9	13.6	144	160	0.87	19$36,000.00",4,4
no big deal,6,4
today'standards,4,4
car handles,4,4
only bmw,4,4
drives,4,4
ignition,4,4
spare,4,4
sales figures,4,4
toss,4,4
all-seasons,4,4
volvo  t5,4,4
unit,4,4
even that,4,4
public forum,4,4
35 series,5,4
major  problem,4,4
lighter ones,5,4
other areas,4,4
buick lucerne,4,4
early 90s,4,4
luxury nameplate,4,4
whoever,4,4
similarly equipped vehicles,4,4
michelins,4,4
south florida,4,4
all the bells,4,4
right direction,4,4
audio system,4,4
c320,5,4
$24k,4,4
major issue,4,4
pa,5,4
pennies,4,4
ellps car,4,4
electrical  problem,4,4
2007 bmw,4,4
two choices,4,4
precision,5,4
standard options,4,4
bmw 328xi,4,4
reasonable price,4,4
virtually every car,4,4
hard drive,4,4
routine maintenance,4,4
bag,4,4
european car,4,4
older  car,4,4
another 200-300 lbs,4,4
23mpg,5,4
mb    mercedes-benz,4,4
ugh,4,4
no cap reduction,4,4
vision,4,4
luxury sedan,6,4
such a car,4,4
higher prices,4,4
new  honda,4,4
infiniti s,6,4
rockyp.s,4,4
rental car,4,4
whatever reason,4,4
more weight,4,4
car shopping,4,4
lexus es,4,4
fantastic deal,4,4
insanity,5,4
under 4%,6,4
stickshift,4,4
awd.i,4,4
these ellps,4,4
tick,4,4
2003  bmw,4,4
its weight,4,4
e90s,7,4
higher resale,4,4
wiki,4,4
lifestyle,4,4
other competitors,4,4
exit,5,4
best ellps,5,4
heated steering wheel,4,4
whole car,4,4
odd things,4,4
airfare,5,4
trip cost,4,4
korea,4,4
2-3 years,4,4
350 hp,4,4
pie,4,4
tad,4,4
335s,5,4
ball,4,4
match,4,4
next gen tl,4,4
both the tl,4,4
big issue,4,4
bangle,4,4
sport model,4,4
certain features,4,4
2012 acura,4,4
path,4,4
audi  2.0t prestige,6,4
watch?v,4,4
odds,8,4
redline,4,4
e90 3 series,4,4
better reliability,5,4
spectrum,4,4
gadgetry,4,4
condition,4,4
defect,4,4
infiniti  sedan,4,4
short answer,4,4
holidays,4,4
next gen,4,4
both sides,4,4
any bmw owners,4,4
character,4,4
high speed,4,4
email,4,4
entry level  car,4,4
40k car,6,4
portion,5,4
money factor,4,4
speech,5,4
effort,4,4
50s,6,4
long haul,4,4
complaints,4,4
trade-in value,4,4
trading,4,4
motorcycle,5,4
paperwork,4,4
better financial decision,4,4
similarly equipped japanese vs german luxury vehicles,4,4
problem littered german vehicle,5,4
bath,4,4
p toyota,5,4
seating,4,4
norm,4,4
curb weight,4,4
1.8t,4,4
region,4,4
v10,6,4
cadillac sts,4,4
same day,4,4
original owner,4,4
0-60 time,5,4
components,4,4
better gas mileage,4,4
gadgetology,4,4
03  pontiac,4,4
fraction,4,4
(msrp,4,4
all vehicles,5,4
lord,4,4
good price,4,4
systems,4,4
installation,5,4
individuals,4,4
residuals,4,4
elit toyota,4,4
lot more people,4,4
mb-usa,6,4
one more time,5,4
homework,4,4
complaint,4,4
mars,6,4
strike,5,4
taiwan,4,4
10 minutes,4,4
many bmw3  car,4,4
bay area,4,4
profit margins,4,4
big way,4,4
sorts,4,4
old car,4,4
installer,5,4
ray,4,4
luxury models,4,4
major complaint,5,4
recent c&d comparo,4,4
luxury performance  sedan,4,4
new england,4,4
port,4,4
lf,6,4
anticipation,4,4
infiniti g,4,4
brief while,4,4
oem,4,4
entry level performance sedan,4,4
lps,5,4
spelling,4,4
status symbol,4,4
aftermarket chips,4,4
worse gas mileage,4,4
force,4,4
door panel,5,4
3600lbs,4,4
last car,4,4
lower end,4,4
pontiac solstice,4,4
types,5,4
values,4,4
control arm,5,4
grand total,4,4
grade,4,4
one brand,4,4
car loan,4,4
all seasons,4,4
parking brake,5,4
camera,4,4
contract,5,4
same level,4,4
another brand,4,4
alternative,4,4
drag race,4,4
best sound system,4,4
metric,5,4
both performance,4,4
4.7 seconds,4,4
lps class,7,4
possibilities,4,4
hertz,4,4
sites,4,4
08' cadillac cts,4,4
role,4,4
airport,4,4
different reasons,4,4
front  seat,4,4
lesser machines,5,4
rwd  car,4,4
long legs,5,4
new ride,4,4
understatement,4,4
one person,4,4
motion,4,4
dvds,6,4
another way,4,4
cds,4,4
gulf,5,4
reverse,4,4
more car,4,4
tsb,5,4
certain areas,4,4
these posts,4,4
any  car,4,4
volkswagen  gli,4,4
cross,4,4
quad pipes,4,4
power output,4,4
heavy tl,4,4
homes,4,4
belt,5,4
280 hp,4,4
print,4,4
either side,4,4
no point,4,4
12 years,4,4
windshield,4,4
bumps,4,4
vibrations,4,4
any amount,4,4
those buyers,4,4
right thing,4,4
leather standard,4,4
optional leather,4,4
aztec,4,4
initial quality,4,4
those figures,4,4
any other brand,4,4
stripped is350,6,4
ps,4,4
turbo dodge,4,4
capa honda,4,4
mondeo,8,4
entrance,5,4
more electri honda,4,4
many devices,4,4
oxygen,5,4
device,4,4
last decade,4,4
bullet proof,4,4
arm rest,5,4
laws,5,4
not all devices,4,4
93 octane,4,4
ma,5,4
other car,4,4
door dings,4,4
one option,4,4
ideal is350,4,4
ideal  bmw,5,4
never  toyota,4,4
5 speed,4,4
is500,9,4
any stats,4,4
rear view mirror,4,4
dead horse,4,4
ytd,5,4
decisions,5,4
chevrolet ed,4,4
tomb,4,4
lead,4,4
request,4,4
106k,5,4
g coupe,4,4
german,4,4
clients,4,4
personal taste,5,4
molding,5,4
fear,4,4
standard leather,4,4
stone,4,4
12k miles,4,4
glass,4,4
no slouch,4,4
row,4,4
audi interior,4,4
works,4,4
car direct price,6,4
one way,4,4
execution,4,4
relatives,4,4
all those,4,4
configuration,4,4
2011 tl,4,4
fx,4,4
monday,4,4
light weight,4,4
bummer,4,4
pounds,4,4
stoplight,4,4
family sedan,4,4
smaller car,4,4
subie,4,4
306 hp,4,4
older model,5,4
sight,4,4
quite some time,4,4
many buyers,4,4
penalty,4,4
new tires,4,4
only room,4,4
recognition,5,4
several others,4,4
vin,5,4
handful,4,4
seating position,5,4
back  seat,4,4
both the  acura,4,4
boy,4,4
compliment,4,4
e9x  bmw,6,4
all the people,4,4
rental fleets,5,4
gearing,4,4
any comments,4,4
shocks,5,4
premium gas,4,4
gli,7,4
solution,5,4
one company,4,4
reduction,4,4
lexus zealots,4,4
no data,4,4
new nose,4,4
nyc,4,4
numb steering,5,4
japanese vehicles,5,4
85 mph,4,4
best price,4,4
its reliability,4,4
just my opinion,4,4
autoshow,5,4
toyota te,4,4
1999  bmw,4,4
yup,4,4
base msrp,4,4
kyfdx,4,4
bend,4,4
these 3  car,4,4
proper luxury,5,4
heap,4,4
200 hp,4,4
hades,4,4
dry pavement,4,4
april issue,4,4
spots,4,4
only game,4,4
typical options,4,4
road trip,4,4
car guy,4,4
what a difference,4,4
more questions,4,4
similar quality,4,4
outgoing model,4,4
original,4,4
responses,5,4
dream,4,4
buffalo,6,4
real deal,4,4
tear,4,4
texas,4,4
stealers,4,4
decline,4,4
long run,4,4
euros,4,4
automobile magazine,5,4
children,4,4
300lbs,5,4
ex toyota ence,4,4
land rover,4,4
high quality materials,4,4
aunt,4,4
european,4,4
nerve,5,4
sts-v,4,4
general,4,4
apologies,4,4
infiniti  bmw,4,4
nice try,4,4
ride quality,4,4
another reason,4,4
no room,4,4
angle,4,4
19  sport package,4,4
0% financing,4,4
net,4,4
mazda miata,4,4
08 cts,8,4
several  car,4,4
driving enthusiast,4,4
dealer service,4,4
any speed,4,4
more hp,6,4
cell phone,4,4
2004 acura,4,4
inventory,4,4
e300,4,4
prowess,4,4
dimensions,4,4
utter crap,4,4
best  car,4,4
wear,4,4
g series,4,4
blood,4,4
150k miles,4,4
bigger car,4,4
me.regards,4,4
run flat tires,4,4
new  toyota,4,4
extended family,4,4
e36  bmw,4,4
c55,4,4
postings,4,4
ground clearance,4,4
tl/ acura,4,4
tow truck,5,4
kinda,4,4
pic,4,4
great post,4,4
personal favorite,4,4
other guy,4,4
un toyota ue,4,4
impact,5,4
quarter mile,4,4
[non-permissible content,4,4
cup holders,7,4
best interiors,4,4
sport pkg,4,4
interior room,5,4
heritage,4,4
depth,4,4
perceptions,4,4
sporty car,4,4
-rocky,4,4
6-speed manual transmission,4,4
#149;?'04 lexus rx330,4,4
#149;?'05 audi s4,4,4
audi  2.0t dsg,4,4
any sort,4,4
good use,4,4
pix,4,4
fall,4,4
first hand,4,4
more standard features,4,4
outstanding value,4,4
no such thing,4,4
bmw fans,4,4
either that,4,4
perfection,4,4
v1,10,4
reactions,4,4
quotes,4,4
quarter,4,4
28mpg,5,4
many things,4,4
filter,5,4
what  car,4,4
current gen,4,4
east,4,4
new interior,4,4
new tranny,4,4
previous owner,4,4
those two  car,4,4
few people,4,4
alfa,4,4
911 turbo,4,4
car market,4,4
6 cyl,4,4
manual cts,4,4
good reason,4,4
overall package,4,4
classic case,4,4
40k miles,4,4
scales,4,4
tachometer,4,4
candle,4,4
other  sedan,4,4
no desire,4,4
autotrader,4,4
fwd  audi,4,4
slab,4,4
new  chevrolet,4,4
repair cost,4,4
peak,4,4
audio,4,4
reliability issues,4,4
throttle response,4,4
daytime contact info,4,4
r32,7,4
fairness,4,4
reviewers,4,4
whole,4,4
better  car,4,4
quantity,4,4
flight,6,4
323i,5,4
aspect,4,4
appearance,4,4
rags,4,4
los angeles,4,4
$18k,4,4
go figure,4,4
datsun,5,4
08s,7,4
more parts,4,4
abilities,4,4
gospel,5,4
southern california,4,4
$0.00 cost decision,4,4
shopping,4,4
lies,6,4
cheaper car,4,4
next few years,4,4
what models,5,4
service records,4,4
deposit,4,4
grace,4,4
test results,4,4
good points,4,4
national newspaper,4,4
next purchase,4,4
warranty work,4,4
employee pricing,4,4
2003  pontiac,4,4
exaggeration,4,4
mother,4,4
computers,4,4
pre,4,4
those areas,4,4
quiet smooth ride,4,4
diff,4,4
presence,4,4
stamford,4,4
bmw  rwd,4,4
100 mph,4,4
250s,5,4
next generation,4,4
only part,4,4
accelerator,4,4
tuners,4,4
biggest problem,4,4
one day,4,4
posting,4,4
spt pck,4,4
beholder,4,4
sporting nature,4,4
dashboard,4,4
reviewer,4,4
navigation package,5,4
few hours,4,4
ford  gt,4,4
makers,4,4
other features,4,4
importance,4,4
soccer moms,4,4
tl-,4,4
next one,4,4
minimum,4,4
intellichoice,5,4
benefit,4,4
radar,4,4
e46 325i,5,4
v6s,4,4
msrps,4,4
price comparisons,4,4
transmission issues,8,4
timing belts,4,4
luxury features,4,4
19k,4,4
70 mph,4,4
sound insulation,4,4
reflexes,4,4
heated leather  seat,4,4
decent handling,4,4
dc area,4,4
beast,4,4
another dealer,5,4
accountants,4,4
residual values,4,4
party,4,4
headlights,4,4
e23,8,4
someplace,4,4
these numbers,4,4
understeer,5,4
regular  car,4,4
bump,4,4
no value,4,4
its fwd,4,4
soph,4,4
pdc,5,4
hid,4,4
f30,8,4
huh,4,4
right choice,4,4
bmwfs,4,4
opaline,5,4
disk,4,4
sacd,5,4
pano dodge,4,4
no thanks,4,4
extra gas,4,4
2005  acura,3,3
no intention,3,3
155mph,5,3
back end,3,3
2004 tl 6-spd,3,3
tl's engine,3,3
stabs,3,3
lease subsidies,3,3
potential buyer,3,3
20 hp,4,3
own money,3,3
car payment,3,3
taxi,3,3
luxury content,3,3
chin,3,3
fuel pump,4,3
grief,3,3
l.a,3,3
umber,3,3
goodness,3,3
3.0 v6,4,3
you test,3,3
fanfare,3,3
extras,3,3
emotion,3,3
aaron copland,3,3
aux input,3,3
mirror,3,3
premium dollars,3,3
so many features,3,3
socks,3,3
disappointment,3,3
acura 's engine,3,3
classics,3,3
google search,3,3
comparison purposes,3,3
sport-tuned suspension,3,3
3 series buyers,3,3
car.that,3,3
s class,3,3
6 cd changer,3,3
different blend,3,3
95%,3,3
vq,3,3
rwd  sedan,3,3
all that extra dough,3,3
great example,3,3
smallest house,3,3
chavis10,3,3
no frills,3,3
different folks,3,3
sand,3,3
fee,3,3
300 lbs,3,3
sound deadening,3,3
less power,3,3
safety equipment,3,3
higher level,3,3
nice work,3,3
b/c,3,3
ra toyota,3,3
luxury side,3,3
one bad experience,3,3
decent price,3,3
sunshade,3,3
don't l toyota  safety,3,3
lower part,3,3
spoilers,3,3
same breath,3,3
engine compartment,3,3
one poster,3,3
high cost,3,3
07 g,3,3
guides,4,3
performance perspective,3,3
different things,3,3
auto transmission,3,3
rear spoiler,3,3
boat load,3,3
sunshades,3,3
dollar amount,3,3
manual tranny option,4,3
current generation,3,3
$38k,3,3
-topic,3,3
18mpg,6,3
particular car,3,3
about $35k,3,3
transmission  problem,3,3
inclusion,3,3
showrooms,3,3
100lbs,3,3
front bumper,3,3
shot,3,3
quirks,3,3
bmw .i,3,3
trannies,3,3
tl trans,3,3
3 acuras,3,3
4th gear,3,3
interior appointments,3,3
snap,3,3
brick,3,3
4g tl,3,3
all my  car,3,3
test track,3,3
lexus is250,3,3
flip side,3,3
2004 models,3,3
power seat,4,3
2.0t  audi,3,3
car review,3,3
names,3,3
frustration,3,3
same note,3,3
2nd gear,3,3
which lexus dealer,3,3
line  bmw,5,3
technology package,3,3
most bmw owners,3,3
no incentives,4,3
scratch,3,3
better tires,3,3
these upgrades,3,3
et al,3,3
more safety features,3,3
50-70 times,4,3
published numbers,3,3
zip code,3,3
oldengineer,3,3
17  wheels,3,3
tight handling,3,3
1st generation,3,3
better job,3,3
'06 330i,3,3
its peers,3,3
2007  pontiac 5 sedan,3,3
task,3,3
special order,3,3
more punch,3,3
its 230 horsepower,3,3
450h,3,3
only factor,3,3
lawman,3,3
dct,3,3
84g,3,3
tlawd,3,3
all the others,3,3
discussion title,3,3
price points,3,3
'08  acura,3,3
squeaks,3,3
one hand,3,3
stance,3,3
long test drive,3,3
ummmm,3,3
0.84g,3,3
worthless doodads,3,3
what options,3,3
front bench seat,3,3
factory pic,3,3
real life pic,3,3
autos,4,3
s550,5,3
ultimate lux   car,3,3
full-time awd,3,3
az,3,3
rwd platform,3,3
daytime contact information,3,3
tricks,3,3
nevada,3,3
phrase,4,3
certain models,3,3
gm employee discount,3,3
large  car,3,3
big family,4,3
reservation,3,3
cost cutting,3,3
these comments,3,3
kettle,3,3
grand,3,3
us enthusiasts,3,3
grey,3,3
subscription,3,3
writer,4,3
abundant understeer,3,3
model t,3,3
e30 325i,3,3
other parts,3,3
tail lights,3,3
all conditions,3,3
client,3,3
dealership experience,4,3
opel,3,3
that.i,3,3
author,3,3
assertions,4,3
any options,3,3
upstate ny,3,3
trim levels,3,3
about 30%,3,3
levels,3,3
bolt,3,3
radiator,3,3
genre,3,3
certain things,3,3
many bmw owners,3,3
plow,3,3
stake,3,3
3g,3,3
rwd  infiniti,3,3
awd form,3,3
free oil changes,3,3
lumbar,4,3
simple fact,3,3
car reviews,3,3
intersection,3,3
speed limits,3,3
west,3,3
own car,3,3
bmw handling,3,3
hype,3,3
f10,3,3
b210gx,5,3
3 series.i,3,3
normal driving position,3,3
schools,5,3
bucks,3,3
skyline,3,3
notion,3,3
magic,3,3
big guy,3,3
aside,4,3
2006  bmw  series,3,3
5-10k,3,3
younger brothers,3,3
ok,3,3
any problem,3,3
performance reviews,3,3
cat,3,3
texture,3,3
efficiency,3,3
good option,3,3
only concern,3,3
reports,3,3
any complaints,3,3
little bmw,3,3
good time,3,3
almost every way,3,3
rest saturn nts,3,3
30%,4,3
turning,3,3
minimal time,3,3
triangle,7,3
fast lap times,3,3
all my friends,3,3
even those,3,3
lower cf,4,3
re toyota r,3,3
hesitation,3,3
all this,3,3
cold weather,3,3
3 series  car,3,3
5x,3,3
what color,3,3
all models,3,3
tip,3,3
steel,3,3
another thing,3,3
performance/handling,3,3
feather,3,3
bingo,3,3
two things,3,3
long term reliability,3,3
own game,3,3
audi  2.0t 6-speed,3,3
good quality wood,4,3
domain,3,3
not a bad car,3,3
3 vehicles,3,3
125k,3,3
125k miles,3,3
single person,3,3
omg,3,3
harmony,3,3
just my two cents,3,3
super car,3,3
170lbs,3,3
so many things,3,3
infiniti brand,3,3
hemi,3,3
"no nav, leatherette",3,3
didn&#146;t,4,3
odo,3,3
chevrolet way,3,3
econobox,5,3
stage,3,3
millionaire,4,3
lucerne,3,3
examples,3,3
excellent car,3,3
service advisor,3,3
market segment,3,3
first model year,3,3
management,3,3
differential,3,3
exterior looks,3,3
local bmw,3,3
longshot,3,3
not a single car,3,3
art toyota,3,3
blinde,3,3
segments,3,3
straight line acceleration,3,3
other guys,3,3
3 series  sedan,3,3
75%,3,3
"30,000 miles",3,3
one more thing,3,3
v-6,3,3
exclusion,3,3
bland,3,3
correction,3,3
54k,3,3
330i/ bmw,3,3
any experience,3,3
both audi,3,3
rim,5,3
earlier post,3,3
swapalease,3,3
e46 330i,3,3
tie,3,3
optimism,3,3
el,4,3
10 year-old jeep cherokee,3,3
eye contact,3,3
most sense,3,3
supplier discount,3,3
non sport,3,3
great looking car,3,3
new cts interior,3,3
dedicated winter tires,3,3
monster,3,3
r8,5,3
lottery,3,3
next week,3,3
wax,3,3
uaw member,3,3
card,4,3
photos,3,3
liberace,3,3
legit contender,4,3
isolation,3,3
same ballpark,3,3
smart  car,3,3
leather seat,3,3
200 lbs,3,3
all the ellps,3,3
ing,3,3
transmission tunnel,3,3
all options,3,3
mb c230,3,3
these  problem,3,3
today's  car,3,3
rpms,3,3
manhattan,3,3
family car,3,3
07s,7,3
skid pad,3,3
ummm,3,3
1990s,3,3
old timers,3,3
visions,3,3
personal use,3,3
blizzard,3,3
butter,3,3
06 tl,3,3
major factor,3,3
fatalities,3,3
assembly line,4,3
neither car,3,3
2008  bmw,4,3
stop sign,3,3
safest  car,3,3
el42s,3,3
ride quality driver-oriented interior smaller size,3,3
standard equipment suspension tuning,3,3
2nd gen,4,3
seat cushion,3,3
ster volkswagen,3,3
aftermarket chip,3,3
no  bmw,3,3
flingability,3,3
barge,3,3
20hp,3,3
4 adults  toyota,3,3
8),3,3
shoot,3,3
merit,3,3
another audi,3,3
lola,5,3
groceries,3,3
5.3 seconds,3,3
350i,6,3
entry lux performance sedan,3,3
two miatas,3,3
545i,12,3
bread,3,3
30 years,4,3
ride/handling,3,3
rwd vehicles,3,3
long h toyota ory,3,3
cheaper price,3,3
low quality,3,3
fair price,3,3
proper luxury sedan,4,3
classes,3,3
50 miles,3,3
super dodge,3,3
faults,3,3
washin pontiac,3,3
snow plow,3,3
dvd audio,3,3
decent fuel mileage,3,3
crown vic,3,3
snowstorm,3,3
just a few days,3,3
over 3000 lbs,3,3
compact  car,3,3
imho.regards,3,3
carrera,3,3
xkr,6,3
"$10,000 difference",3,3
bose stereo,3,3
former s2000 owner,3,3
every available option,4,3
pigs,3,3
wonderful thing,3,3
45k miles,3,3
higher quality,3,3
vents,3,3
6 months,3,3
2006  audi,3,3
same manufacturer,4,3
whole different story,3,3
price cap,3,3
performance package,4,3
trees,3,3
almost nobody,3,3
flats,3,3
50 mph,3,3
same performance,3,3
bigger brakes,3,3
bad one,3,3
200 miles,3,3
european driving experience,3,3
infiniti   dodge,3,3
new  buick,3,3
every car year round,3,3
weight and fuel penalty,3,3
l saturn sdada,3,3
welcome thing,3,3
cts revamp,3,3
10 days,3,3
new z4,3,3
acura badges,3,3
new blood,3,3
guesses,3,3
bmw   sedan,3,3
1-series discussion,3,3
same page,3,3
g sedan,3,3
contenders,3,3
exteriors,3,3
hyundai pheric levels,3,3
quickness,3,3
off-topic,3,3
front tires,3,3
550i sport,3,3
unidirectional tires,3,3
one reason,3,3
1 series coupe,3,3
auto industry,3,3
great thing,3,3
new redesign,3,3
cnbc,3,3
haha,3,3
pieces,3,3
pedals,3,3
same material,3,3
smallest caddy,3,3
judge,3,3
concerns,3,3
best place,3,3
exhaust note,3,3
stop light,3,3
"1-series, not street prices",3,3
no bearing,3,3
its hard,3,3
full size,4,3
flat tire,3,3
child seat,4,3
those  acura,3,3
baby seat,3,3
3series,3,3
certain amount,3,3
f1  car,3,3
timing belt,3,3
real problem,3,3
personality,3,3
most consumers,4,3
politics,3,3
lexus plant,3,3
only the second best plant,3,3
no soul,3,3
track record,3,3
fixed mortgage rates,3,3
front runner,3,3
affordable  home,3,3
synthetic oil,3,3
/c,3,3
class action lawsuit,3,3
blame,3,3
interest rates,3,3
14%,3,3
skoda,3,3
tops,3,3
us  car,3,3
bit c dodge ped,3,3
old one,3,3
most everything,3,3
car seat,4,3
hurry,3,3
reel,3,3
2011 models,3,3
best example,3,3
old bmw,3,3
more information,3,3
plant,4,3
manufacture,3,3
low price,3,3
only problem,3,3
great mpg,3,3
'98  audi,3,3
brake fluid,3,3
no plans,3,3
nov,3,3
volvo r's 0-60 time,3,3
daily basis,3,3
heaven,3,3
ind toyota,3,3
8-track player,3,3
tapes,4,3
memories,3,3
winter wheel/tire set,4,3
low mileage,3,3
long drives,3,3
new buyers,3,3
roadster,3,3
thanksgiving,3,3
all suvs,3,3
season,3,3
cassette player,3,3
cassettes,3,3
20k miles,3,3
steering feel,3,3
automobile's long term test,3,3
only ones,3,3
rips,3,3
machines,3,3
best performing car,3,3
sporty sedan,3,3
excellence,4,3
sweet spot,3,3
rocklee,3,3
database burp,3,3
entry level luxury performance sedan l toyota,3,3
cadillac sts part,3,3
headphones,3,3
advertiser,3,3
cr surveys,3,3
these types,3,3
bmw free maintenance,3,3
any vehicle,3,3
convertible,3,3
ongoing discussion,3,3
3 series fans,3,3
no back seat,3,3
rear window,4,3
911 coupe,3,3
brake pedal,3,3
bigger back seat,3,3
best   all-around  vehicle,3,3
february issue,3,3
euro  car,3,3
all manufacturers,3,3
logo buyers,5,3
body styles,3,3
standard family car,3,3
lemons,3,3
observations,3,3
it.so,3,3
dodge ps,3,3
posted speeds,3,3
banked corners,3,3
daily commute,3,3
abot,3,3
couple years,3,3
new  hyundai,3,3
monthly payment,3,3
handle,4,3
you&#146;re,5,3
volvo s40,3,3
only disadvantage,3,3
24k miles,3,3
21 mpg,3,3
24mo,3,3
false advertising,3,3
these costs,3,3
ttl,3,3
how lexus,3,3
japanese ellps,3,3
sporting,3,3
infiniti  pontiac 5 sport,3,3
joe131,3,3
brake issue,3,3
one point,4,3
2 feet,3,3
2012 tl,3,3
past maintenance,3,3
then some,3,3
6 seconds,3,3
tech toys,3,3
any manufacturer,3,3
very high quality,3,3
realm,3,3
rev,3,3
better brakes,3,3
exactly my point,3,3
525xi,4,3
nameplate,3,3
gm car,3,3
shoppers,3,3
essence,3,3
bmw buyers,3,3
600 hp,3,3
mode,3,3
sport mode,5,3
exterior design,3,3
sports  seat,3,3
second look,3,3
20-30 days,4,3
grudge,3,3
best handling performance vehicle,3,3
driving enthusiasts,3,3
2003 tl type,3,3
any acura,3,3
'01 bmw 330i,3,3
just the way,3,3
b-school classmates,3,3
mass,3,3
cap cost,3,3
over $40k,3,3
nimbleness,3,3
loaners,3,3
american luxury,3,3
lexus corp,3,3
manual option,3,3
4wd,3,3
steep driveway,3,3
only things,3,3
those vehicles,3,3
pearl,3,3
90 days,3,3
survey,3,3
customer satisfaction,3,3
car'saturn l qualities,3,3
100  car,3,3
free loaner,3,3
large number,3,3
pontiac  gt,3,3
larger  car,3,3
luxury vehicles,3,3
surveys,3,3
iphone,3,3
update,4,3
experts,3,3
quality drive,3,3
detroit torque,6,3
spouse,3,3
grandpa,3,3
warantee,3,3
smg,3,3
lady,3,3
dsg tranny,3,3
base is350,3,3
more features,3,3
no choice,4,3
ears,3,3
saying,3,3
exact same route,3,3
backup sensors,3,3
-awd,3,3
2 door,3,3
extension,3,3
4 door sedan,5,3
300 horsepower,3,3
present,3,3
geometry,3,3
e91,8,3
last 20 years,3,3
bmw dealership,3,3
big plus,3,3
new   mercedes-benz,3,3
vanilla,3,3
no fun,3,3
moldings,5,3
250/350,3,3
function,3,3
another grand,3,3
dsc,3,3
wtf,3,3
lower gear,3,3
zaino,3,3
those little strips,3,3
biggest challenge,3,3
sho,3,3
crossovers,3,3
exact same car,3,3
#3 son,3,3
aftermarket rims,3,3
many features,3,3
us dollars,4,3
same issue,3,3
nurburing,3,3
vinyl,3,3
many models,3,3
fwd vehicle,3,3
bmw fan,5,3
mr. meyer,5,3
water (fuel) tank,3,3
you l toyota ed,3,3
same group,3,3
early  acura,3,3
old cts,5,3
either.i,3,3
2007 lexus,3,3
elbow,5,3
first step,3,3
boston area,3,3
sunoco,5,3
newer models,3,3
toyota  zone,3,3
winter weather,3,3
cleaning,3,3
any price,3,3
lux  car,3,3
these type,3,3
4 door version,3,3
vapor ware,3,3
different classes,3,3
same number,3,3
front driver,3,3
tire rotations,3,3
ford mondeo,3,3
all the help,4,3
mo toyota ed,3,3
2 things,3,3
devil's advocate,3,3
desires,3,3
ecu,5,3
gm vehicles,3,3
quality leather,3,3
exclusive rights,3,3
pace,3,3
3.7 twin turbo,3,3
extra room,3,3
luxury sport sedan,3,3
e30  bmw,3,3
designs,3,3
caddilac,5,3
front grill,3,3
beef,3,3
lowest end model,3,3
other countries,3,3
all  honda,3,3
any interest,3,3
royce,3,3
decent amount,3,3
three pedals,3,3
even ford,3,3
any level,3,3
texas panhandle,3,3
345i,3,3
every ellps,3,3
strategy,3,3
attempts,3,3
places,3,3
5.1 seconds,3,3
rear-wheel-drive,3,3
dealer accessories,3,3
very supple leather,3,3
esp  buick,3,3
free maintence,3,3
2 days,3,3
manufacturer discrepancies,3,3
edwards,3,3
wards,3,3
more performance,4,3
its horsepower,3,3
power windows,3,3
software,3,3
directions,3,3
it.that,3,3
spec,3,3
parallel,3,3
creativity,3,3
winter months,3,3
interesting post,3,3
con ford,3,3
movie,3,3
ff miles,3,3
safety engineering,3,3
acceptance,3,3
last place,3,3
900s,3,3
b2b,6,3
audi / audi,3,3
followings,3,3
rwd vehicle,3,3
park d,3,3
oppertunity,3,3
more sport,3,3
$4k,3,3
wheel wells,3,3
flaws,3,3
every buyer,5,3
compact sedan,3,3
attempt,3,3
most  toyota,3,3
all due respect,3,3
more feedback,3,3
european  honda,3,3
entry lux performance,3,3
other sources,3,3
talk,3,3
north,4,3
more powerful engine,3,3
hd,4,3
songs,3,3
mp3 cd,3,3
window sticker,3,3
also-ran,3,3
niche market,4,3
excellent independent mechanic,3,3
crackers,3,3
time period,3,3
munich airport,5,3
meal,3,3
rest saturn,3,3
toyota mic range,3,3
next step,3,3
nature,3,3
plane,3,3
same price range,4,3
sure leather,3,3
nice leather,3,3
mercedes-benz   car,3,3
second month,3,3
decent deal,3,3
own opinions,3,3
different opinions,3,3
shape,3,3
full range,4,3
very soft leather,3,3
connection,4,3
car'system,3,3
earphones,3,3
2006 330xi,3,3
another vehicle,3,3
low-profile tires,3,3
size/weight,3,3
"50,000 miles",4,3
2nd car,3,3
99.9%,3,3
best option,3,3
summer ru toyota,3,3
capability,3,3
heart attack,3,3
suppliers,3,3
engine mounts,3,3
enormous amount,3,3
voice command system,3,3
manager,3,3
sales people,3,3
weight savings,3,3
arrival,3,3
-volvo,3,3
all- luxury,3,3
same color,3,3
someone  toyota d,3,3
identity,3,3
highways,3,3
transaction,3,3
every person,3,3
steering column,3,3
quite  toyota,3,3
5'7,3,3
great discount,3,3
4.9 sec,3,3
e class(which,3,3
new vehicle,3,3
passenger space,3,3
all its dimensions,3,3
first-hand,3,3
smaller  car,3,3
3400lbs,3,3
kick,3,3
another suv,3,3
one engine,3,3
all people,3,3
brand loyalty,3,3
rear end,8,3
topics,3,3
154k,3,3
interesting comments,3,3
very  mazda r,3,3
bigwheels,3,3
bikes,3,3
steer,3,3
drag,3,3
gt,3,3
500 hp,3,3
button willow,4,3
2002 s2000,3,3
2 inches,4,3
about 50%,3,3
"10,000 miles",3,3
more  bmw,3,3
fronts,3,3
discount tire,3,3
second time,3,3
limiter,3,3
old adage,3,3
hatchback,3,3
buddies,3,3
sport trim,3,3
most manufacturers,3,3
cpo car,3,3
upgrades,3,3
candidate,3,3
volkswagen  cc,3,3
boss,3,3
several hundred dollars,3,3
its sales,3,3
markup,3,3
station wagons,3,3
interpretation,3,3
class leaders,3,3
competitive edge,3,3
more gadgets,4,3
well  toyota d,3,3
contest,3,3
price gap,3,3
v honda,3,3
rear seat gain,3,3
gm'seat,3,3
even he,3,3
sucker,3,3
country roads,3,3
auto makers,3,3
e55,8,3
manner,3,3
scenario,3,3
loaded cts,3,3
no baseline,3,3
seat  toyota,5,3
306hp,7,3
many times,3,3
harsh road impacts,3,3
wide margin,3,3
polling friends,3,3
154k miles,3,3
engine upgrades,3,3
exquisite opinions,3,3
deepest feelings,3,3
back  chevrolet,3,3
mexico,4,3
billions,3,3
chevrolet ly,3,3
buy american  loyalty,3,3
ratio,3,3
all buyers,3,3
hawaii,3,3
squat,3,3
lease rates,3,3
2007  bmw,3,3
gas guzzler tax,3,3
65k,4,3
any time,3,3
long way,3,3
other reasons,3,3
very beginning,3,3
dinan chip,5,3
engine failure,4,3
same question,3,3
viable option,3,3
survey results,3,3
$25k,3,3
best luxury,3,3
verona,6,3
56k,4,3
actual price,3,3
doc,3,3
what year,3,3
big engine,3,3
300ce,5,3
w208,4,3
new vq,3,3
other  bmw,3,3
fuel gauge,3,3
retail,3,3
later years,3,3
suit,3,3
heavy side,3,3
new  bmw /   mercedes-benz   competitor,3,3
ideas,3,3
all ellps,3,3
better interior,3,3
buying public,3,3
-acura,3,3
lufthansa,3,3
corporation,3,3
much value,3,3
smaller engine,3,3
jury,5,3
war,3,3
affordability level,4,3
sport coupe,3,3
early clk,3,3
la spezia,4,3
b&b,7,3
its styling,3,3
accountant,3,3
almost nothing,3,3
60k miles,3,3
same degredation,3,3
separate class,3,3
c240,5,3
turbo engine,3,3
best handling,3,3
2007 model,3,3
good money,3,3
interest rate,3,3
$25000 competes,3,3
mr. wizard,3,3
many drivers,3,3
object,3,3
all sorts,3,3
various forums,3,3
limb,3,3
used  bmw,3,3
those devices,3,3
grunt,3,3
vegas,3,3
other person,3,3
proxy,3,3
3 year lease,3,3
signing,4,3
separation,3,3
next couple,3,3
same power,3,3
comparable vehicles,3,3
tan interior,3,3
330d,5,3
warranty claims,3,3
mud,3,3
bat,3,3
single car,3,3
13 years,3,3
chevrolet s,3,3
new volvo,3,3
130k,3,3
130k miles,3,3
eye-opener,3,3
all these techno/electronic do-dads,3,3
03 330i,3,3
2006 model,3,3
starters,3,3
330is,4,3
15k miles,3,3
emissions,3,3
all the paperwork,5,3
shipping charges,3,3
pond,3,3
meantime,3,3
race track,3,3
what planet,3,3
two options,3,3
only choices,3,3
no guarantee,3,3
buyer's remorse,3,3
no brainer,3,3
lawyer,4,3
any other  car,3,3
mustard,3,3
bmw  sport,3,3
sale price,3,3
findings,3,3
10k miles,3,3
8-10 years,3,3
perfect car,3,3
silver,3,3
key words,3,3
no nav,3,3
web site,3,3
gripe,3,3
necessity,3,3
compliant ride,3,3
song,3,3
toyota mic,4,3
personal comments,3,3
lag,3,3
very  toyota,3,3
gen,3,3
no substitute,3,3
leased  car,3,3
2008' cts,3,3
new s5,3,3
lexus interior,3,3
everyday driver,3,3
reply,3,3
right time,3,3
humor,3,3
sarcasm,3,3
very d toyota,3,3
absolute performance,3,3
audience,3,3
no voodoo,3,3
saturday night,4,3
us msrp,3,3
lighting,3,3
furniture,3,3
brightness,3,3
tl advance,6,3
any gm,3,3
its fwd layout,3,3
personal opinions,3,3
trail brake,3,3
expansion joints,3,3
euro,3,3
xk,3,3
lens,3,3
bangle butt,3,3
much more  toyota,3,3
any need,3,3
brochure,3,3
driver's car,3,3
current ones,3,3
axis,3,3
two friends,3,3
goods,3,3
deep discounts,3,3
interior materials,3,3
reliablity,3,3
ideal,3,3
road feel,3,3
comparison test,4,3
3 weeks,3,3
6 weeks,3,3
two weeks,3,3
exact car,3,3
business trip,3,3
another board,3,3
virtually all,3,3
4 cylinder,3,3
esses,3,3
better fit,3,3
ed  car,3,3
gadget,3,3
drift,3,3
cassette,3,3
vicinity,4,3
tiptronic,3,3
luxury automobiles,3,3
entire line,3,3
excise tax,4,3
smarty,5,3
both the g,3,3
most owners,3,3
old  pontiac,3,3
263hp,5,3
fully loaded midsize car,3,3
entry luxury class,3,3
49k,3,3
mostly  honda,3,3
nissan s,3,3
60%,3,3
vinyl  seat,3,3
these 2  car,3,3
youth,3,3
100hp,3,3
pappy,3,3
japanese vehicle,3,3
calculation,4,3
two items,3,3
bodies,3,3
markets,3,3
standard vinyl  seat,4,3
recognized luxury car,3,3
nyccarguy,3,3
bmw   car,3,3
drivers seat,3,3
s560,4,3
'06 330xi,3,3
little acquisition,3,3
doo,3,3
23 mpg,3,3
2008 tl,3,3
toll,3,3
e90  bmw,3,3
250 awd,3,3
intent,4,3
lesser  car,3,3
acura lineup,3,3
guts,3,3
epitome,3,3
tuning,3,3
shipo's point,4,3
ipod,3,3
325e,4,3
long torso,3,3
lexuses,3,3
meat,3,3
07'  volvo,3,3
nobel prize,4,3
8k,3,3
no advantage,3,3
maintenance cost,3,3
530ia,3,3
3 times,3,3
studio,3,3
feb,5,3
closer look,3,3
denials,4,3
insult,3,3
50 lbs,3,3
independent mechanic,3,3
other side,3,3
inline engine,3,3
rwd sport sedan,3,3
complexity,4,3
tomorrow,3,3
left knee,3,3
pontiac 5 interior,3,3
one word,3,3
3000 lbs,3,3
couple hundred pounds,3,3
$28k,4,3
mechanical issues,3,3
who  toyota d,3,3
total package,3,3
potato,3,3
pats,3,3
awd sport sedan,3,3
lax,3,3
highway  chrysler,3,3
3000gt,4,3
one review,3,3
30mpg,4,3
all the odds,3,3
very top,3,3
switchbacks,3,3
disadvantages,3,3
seat belt feeders,7,3
pits,3,3
any views,3,3
rates,3,3
investment,3,3
good alternative,3,3
poor reliability,3,3
many car buyers,3,3
essential feature,3,3
class lacking,3,3
what   essential  features,3,3
most gm,3,3
ls460,3,3
recent years,3,3
bi-xenon headlights,3,3
driver memory settings,3,3
few bucks,3,3
sloppy handling,3,3
best friend,3,3
bad  car,3,3
speed6,3,3
senses,3,3
risk,3,3
far better car,3,3
heavier molecules,3,3
useful products,4,3
ugly interior,3,3
another  bmw,3,3
current ride,3,3
serious sports sedan,3,3
30k service,4,3
warranty repairs,3,3
past 8 years,3,3
fuzzy dice,3,3
autoweek,3,3
intention,3,3
2006 models,3,3
another post,3,3
wide range,3,3
fwd lincoln,3,3
all manner,3,3
awd  car,3,3
curb,4,3
rwd bmw,3,3
dedicated set,3,3
home heating oil,3,3
eibach springs,4,3
more room,3,3
high end,3,3
tl owner,3,3
epa  honda,3,3
side note,3,3
circles,3,3
toys,3,3
straightline acceleration,3,3
suspensions,3,3
fillings,3,3
pasm,4,3
good feel,3,3
extra unsprung weight,3,3
2800lbs,3,3
bigger  car,4,3
07'  pontiac,3,3
kia l size,3,3
rather surprising result,3,3
larger wheels,4,3
"5.5	14.2	132	175	0.83	20$35,870.00",3,3
only vehicle,3,3
luxury group,3,3
any  pontiac,3,3
fires,3,3
27mpg,6,3
pedal,4,3
dealer profit,3,3
cloth  seat,3,3
ill-maintained junk,3,3
blah,3,3
raw power,3,3
crash period,3,3
14  wheels,3,3
decent stereo,3,3
edmunds review,3,3
nod,3,3
all these,3,3
fed,3,3
other manufacturers,3,3
several months,3,3
only complaint,3,3
mercedes-benz  class,3,3
luxury maker,3,3
sample size,3,3
backs,3,3
other goodies,3,3
2002 530i,4,3
x28i,8,3
'01  honda,3,3
privilege,3,3
poor roadfeel,3,3
poor steering,3,3
what lexus,3,3
same driver,3,3
four sets,3,3
another couple,3,3
main reasons,3,3
fashion,3,3
previous cts,3,3
chicks,3,3
rx300,3,3
viable alternative,3,3
hard acceleration,3,3
free miles,3,3
1995 nissan  se,3,3
330i zhp,3,3
base engine,4,3
muffler,3,3
toilet,3,3
garbage,5,3
poor value,4,3
reliability factor,3,3
charade,3,3
cash purchase,3,3
different vehicles,3,3
new discussion,3,3
right size,3,3
cheapest car,3,3
outlier,3,3
luxury performance sedan,4,3
buick  super,3,3
few miles,3,3
5 feet,3,3
several reasons,3,3
wheel hop,3,3
2007 tl,3,3
goodyear,3,3
weekends,4,3
no excuse,3,3
performance.i,3,3
real performance,3,3
torque converter,3,3
downshifts,3,3
commercial,3,3
positives,3,3
soaking,4,3
these other  car,3,3
actual owners,3,3
birdcage,3,3
2 x types,4,3
$1000 profit,4,3
warts,3,3
swivel xenons,3,3
southeast,3,3
obc,4,3
fidelity,3,3
much bigger effect,3,3
interest payment,3,3
acquisition,3,3
uncommunicative steering,3,3
on/off switch clutch,3,3
chunky gearbox action,3,3
flexibility,3,3
first few years,3,3
2004 tl,3,3
clarity,3,3
free revving engine,3,3
its purchase-time price,2,2
typical car,2,2
2012 m,2,2
blackberry,2,2
infiniti  bmw 7x,2,2
adhesion,2,2
low limits,2,2
goodyear tires,2,2
next april,2,2
contis,4,2
goodyears,2,2
smoother riding,2,2
bmw x,2,2
lexus  sedan,2,2
tl or  acura,2,2
f30  bmw,3,2
negative,2,2
40k bmw,2,2
negative equity,2,2
those first two years,2,2
full ttl,2,2
bmw corporate,2,2
isn'that,2,2
plenty reason,2,2
dafreak,2,2
speed.i,2,2
120d,4,2
new baby  bmw,2,2
those dvd,2,2
george michael,2,2
best dvd,2,2
dishwalla,2,2
stopwatch,2,2
5-6 years,2,2
considerably more power,2,2
36k miles,2,2
1998  audi,2,2
bmwcca rebate,2,2
misery,2,2
giants,2,2
football,2,2
long day,2,2
els,2,2
pete townsend,2,2
great incentives,2,2
any reason,2,2
tags,2,2
seller,2,2
any suggestions,2,2
aston martin,2,2
atlanta megafock traffic,2,2
trooper,2,2
"80,000 miles",2,2
first choice,2,2
neither my wife,2,2
ten foot pole,2,2
both steering,2,2
r&t's editors,2,2
generally anti-gm crowds response,2,2
total cost,2,2
s2000'short,2,2
same precision,2,2
tl 6-speeds gearbox,2,2
about 10%,2,2
no clue,2,2
one problem,2,2
glasses,2,2
sunglasses,2,2
no manual option,2,2
more than 3200 lbs,2,2
jd,2,2
girls,2,2
any friends,2,2
not the car,2,2
blocks,2,2
330i manual,2,2
perforated leather  seat,2,2
"other, other then the pure enjoyment",2,2
no real reason,2,2
star,2,2
lamb,2,2
selection,2,2
tw toyota,2,2
most important part,2,2
ub toyota uitos,2,2
soccer-mom siren song,2,2
first new car,2,2
new '84 mitsubishi mirage turbo,2,2
spider,2,2
slush boxes,2,2
03 protege es,2,2
second best car,2,2
91 stanza,2,2
push,2,2
newer car,2,2
excellent post,2,2
straightline,2,2
06 e90 zsp,2,2
3500lbs,2,2
holiness,2,2
world h toyota ory,2,2
most unintelligent statement,2,2
want.i,2,2
another american car,2,2
accidents,2,2
mitsu,2,2
best looking gm car,2,2
bmw  fans,2,2
tl 6-speeds,2,2
luxury items,2,2
above l toyota,2,2
car's interior,2,2
hp difference,2,2
gloating,2,2
obvious hp threat,2,2
is owners,2,2
225/60 vr tires,2,2
1984 supra,2,2
first one,2,2
as much fun,2,2
"70-0, lateral acceleration skidpad",2,2
1/4 mile time,2,2
japanese and german  car,2,2
mid-size suvs,2,2
naias,2,2
junky tranny,2,2
silly,2,2
260 hp,2,2
320 hp,2,2
much better value,2,2
different  car,2,2
"20$34,620.00",2,2
big wheels,2,2
bmw  sedan ed price,2,2
which  car,2,2
regulars,2,2
best fit,2,2
its 10k,2,2
3k,2,2
day's work,2,2
first turn,2,2
average driver,2,2
its driving  toyota mics,2,2
absolutely no reason,2,2
toyota mw  bmw infinity,2,2
general comment,2,2
dent toyota,2,2
current lease,2,2
19s,2,2
handling character,2,2
yeah-,2,2
sup toyota rs,2,2
all the 3 series owners,2,2
'06 tl,2,2
appointments,2,2
haves,2,2
18  tires,2,2
two cents,2,2
03'  pontiac,2,2
pre-paid maintenance,2,2
prayers,2,2
250acura tl type s (road,2,2
reg toyota,2,2
no torque,2,2
alps,2,2
alex,2,2
bmw 530i,2,2
35dodge  dodge bmw 530lexus,2,2
only advantage,3,2
baltimore,2,2
ours,2,2
purchase decision,2,2
bmw  replacement,2,2
own  car,2,2
defense,2,2
fair comparison,2,2
brembo,2,2
ms6,3,2
recent r&t comparo,2,2
oxygen sensors,2,2
325ia,2,2
every second,2,2
objective,2,2
200-300$. i&#146;ve,2,2
at least 7 new  car,2,2
those silly maintenance,2,2
just waste,2,2
local acura dealer,2,2
"5k,10k,20k,25k,35k,40k",2,2
local acura dealer's maintenance schedule,2,2
whichever,2,2
old  honda,2,2
da bomb,2,2
us guys,2,2
prissiness,2,2
replacements,2,2
second home,2,2
costco,2,2
35k miles,2,2
around 30k,2,2
air filter,2,2
sales person,2,2
michigan,2,2
about 6 months,2,2
mechanism,2,2
stop lights,2,2
extra $10k,2,2
volvo  v8,2,2
us prices,2,2
ed prices,2,2
roadfeel/handling,2,2
55 lbs,2,2
"yes, no?best regards",2,2
2006 530i,2,2
loren,2,2
2008 cadillac cts,2,2
8-track,2,2
audi fwd,2,2
3.6 v6,2,2
trunks,2,2
surroundings,2,2
minimal toyota,2,2
so much time,2,2
toyota able  seat,2,2
every magazine,2,2
door handle,2,2
all aluminum f dodge e,2,2
drag strip,2,2
drive-train,3,2
cat food,2,2
10 lbs container,2,2
extra bucks,2,2
awd  bmw,2,2
square,2,2
pass thru,2,2
strong opinions,2,2
both brands,2,2
discounting,2,2
league,2,2
about all,2,2
328ci,2,2
winter traction,2,2
ivan,2,2
better control,2,2
+ lbs,2,2
every corner,2,2
car's balance,2,2
new standard,2,2
4 passengers,2,2
ed discount,2,2
i-pod,2,2
investigation,2,2
disagreements,2,2
16bit,2,2
awd vehicle,3,2
iffy tractioneer,2,2
iffy performer,2,2
ed prog dodge,3,2
4 days,2,2
5  car,2,2
sport version,2,2
surface,2,2
black leatherette,2,2
2001 325i,2,2
just a matter,2,2
leatherette bmw,2,2
bmw's leatherette,2,2
fly,2,2
them.it,2,2
mrs. shipo,2,2
more hoopla,2,2
us sales,2,2
another 4-5%,2,2
us car,2,2
perfect place,2,2
perfect line,2,2
everyday use,2,2
creature,2,2
real stuff,2,2
good leather,2,2
munich marriott,3,2
redelivery center,2,2
progress,2,2
infiniti engine,2,2
price.you,2,2
audi  3.2  audi,2,2
other possibilities,2,2
accuracy,2,2
moron,2,2
creases,2,2
wwii,2,2
steps,2,2
certain level,2,2
bmw badge,2,2
high price,2,2
northeast winters,2,2
current  car,2,2
heels,2,2
such a feat,2,2
many car magazines,2,2
better   value,2,2
circumstances,2,2
units,3,2
vpp discount,2,2
enough luxury,2,2
justification,2,2
nasty hood,2,2
ultimate ellps,2,2
entry luxury,2,2
any vote,2,2
hood width,2,2
headlamp craze,2,2
ed price,2,2
about 7%,2,2
nights,2,2
car cost,2,2
nickels,2,2
3-4 years,2,2
any conclusions,2,2
new is250,2,2
used is300,2,2
fancy commuter-box,2,2
any area,2,2
mercedes-benz  designs,2,2
same offer,2,2
risks,3,2
obsession,2,2
right place,3,2
climate,2,2
those e36,2,2
honda d resale-value madness,2,2
consumer reports-,2,2
first thing,2,2
added performance,2,2
local bmw dealership,2,2
credence,2,2
lil bit,2,2
1980s,2,2
sw,2,2
other places,2,2
40 big ones,2,2
e46's interior,2,2
valves,2,2
whole lot less money,2,2
power boost,2,2
upgraded interior,2,2
pontiac 5 satisfies,2,2
capable sport sedan,2,2
most powerful car,2,2
older  pontiac,2,2
unmodified car,2,2
soapbox,2,2
dinan parts,2,2
authorized dinan bmw dealership,2,2
its steering,2,2
clubs,5,2
major breakdown,2,2
"100,000 miles",2,2
ford s,2,2
(  mercedes-benz,2,2
beautiful interior,2,2
new car warranty period,2,2
responsibility,2,2
its sole discretion,2,2
car manufacturer's factory warranty period,2,2
same decision,2,2
http://www.dinan car,2,2
275 rwhp,2,2
power gains,2,2
dyno,2,2
vice  nissan,2,2
favorite car,2,2
more  toyota able  seat,2,2
serious creature,2,2
mercedes-benz  es,2,2
better resale,3,2
reliability.the,2,2
no trouble,2,2
no regrets,2,2
tiny voice,2,2
few minutes,2,2
abuse,2,2
aftermarket dinan chip,2,2
911 quality steering,2,2
regular  3 series,2,2
impressive acceleration,2,2
it'simply,2,2
those others,2,2
station wagon,2,2
one set,3,2
two sets,2,2
better acceleration,2,2
cdi,2,2
trash can,2,2
around $35k,2,2
incons,2,2
/fulltests,2,2
very bad idea,2,2
turbo  car,2,2
reading,2,2
rechipped ecu,2,2
$5k,2,2
one warranty,2,2
burden,2,2
iraq,2,2
life cycle,2,2
tax payers,2,2
any honda,2,2
communicative steering,2,2
real thing,2,2
honda d,2,2
motorsports,2,2
mantra,2,2
ellps segment leader,2,2
higher performance chip,2,2
chip company,2,2
satellite radio,2,2
bmw  sales,2,2
both the c,2,2
awe,2,2
last    mercedes-benz  -based coupes,2,2
1994    mercedes-benz,2,2
first 1998 clk w208,2,2
class platform,2,2
e class platform,2,2
clk430,2,2
tax deductable,2,2
sacrifice,2,2
modifications,2,2
workmanship,2,2
its   toyota,2,2
couple weeks,2,2
great story,2,2
just no way,2,2
stuttgart,2,2
wish,2,2
o.k,2,2
base boxster,3,2
third pedal,2,2
montvale,2,2
disparaging comments,2,2
it.but,2,2
300 torque,2,2
higher performance chips,2,2
upcoming 2009  bmw,2,2
increased performance,2,2
service department,2,2
module,2,2
(imo)regards,2,2
fun driving,2,2
instructor,2,2
latte,2,2
peole,2,2
any market,2,2
gate,2,2
test drivers,2,2
bad press,2,2
more sports car,2,2
largest refinery west,2,2
mood,2,2
every drop,2,2
those engines,2,2
small bumps,2,2
380 horsepower,2,2
c550,3,2
detriment,2,2
300/300,3,2
72k,2,2
perfomance,2,2
landscape,2,2
just a question,2,2
driving test,2,2
egg,2,2
nissan dealer,2,2
realy,2,2
20-30%,2,2
95/5% or worse availability,2,2
aftermarekt unit,2,2
marketing department,2,2
grades,3,2
10 - 15 years,2,2
10-20 yrs,2,2
240hp,3,2
218hp,4,2
other gadgets,2,2
more than 1 foot longer wheelbase,2,2
track time,2,2
911,2,2
sheer thrill,2,2
tenth,2,2
horsepower king title,2,2
new body,2,2
ride  toyota,2,2
agony,2,2
2000 or 2001 9-3 convertible,2,2
2018 saab,2,2
lexi,2,2
expertise,2,2
3-4+ different  car,2,2
single test drive,2,2
malfunction,2,2
these two  car,2,2
no amount,2,2
not a lexus,2,2
great chassis,2,2
350 hp chip,2,2
didn'the manufacturers,2,2
tuner chips,2,2
different brands,2,2
jsut,2,2
web,2,2
$30k limit,2,2
m/t,3,2
a/t,3,2
moderate budget,2,2
quickest  car,2,2
two kids,2,2
4  bmw,2,2
other thing,2,2
straightaways,2,2
kiddies,2,2
curves francis,2,2
another thread,2,2
its brain-dead navi,2,2
passport,3,2
controlled conditions,2,2
treadwear grade,2,2
all the ellps  car,2,2
limo,2,2
switchgear,2,2
tourque,2,2
tire howl,2,2
high way,2,2
mpg system,2,2
different forum,2,2
mb c280,2,2
/spyshotvid volkswagen,2,2
top engine,3,2
new design,2,2
both powertrains,2,2
quick search,2,2
3 sets,2,2
urban area,2,2
any opinions,2,2
any information,2,2
air bags,2,2
surgeon,3,2
only one aspect,2,2
total performance,2,2
performance ladder,2,2
front wheel drive platform,2,2
"saabs,= sucky",2,2
several occasions,2,2
well equiped  bmw,2,2
low cost,2,2
elise,2,2
pirelli,2,2
8 am,2,2
not me,2,2
new bimmer,2,2
option packages,2,2
those bose system,2,2
pontiac 5'system,2,2
herself,2,2
wrong kind,2,2
showroom floor,2,2
great experience,2,2
premium sound,2,2
great question,2,2
2001  volvo,2,2
cards,2,2
all season,2,2
bad luck,2,2
bmw museum,2,2
premise,2,2
256k,3,2
best metal tape quality,2,2
another matter,2,2
various needs,2,2
ipods,2,2
car'sound system,2,2
whole different story.through,2,2
car sound systems,2,2
doc's office,2,2
pile.the mark levinson,2,2
lexus suspension,2,2
previous faux pas,2,2
tie-breaker,2,2
midnight,2,2
sorry,2,2
wonderful choice,2,2
marque,2,2
sirius module,2,2
'07  pontiac,2,2
oddball,2,2
$35k car,2,2
no purpose,2,2
those prices,2,2
harddrive,3,2
usb,2,2
any drive,2,2
easy choice,2,2
compass,2,2
west coast,2,2
"60,000 miles",2,2
screamer,2,2
haven'test,2,2
cop,2,2
pad holder,2,2
pen,2,2
suction cup,2,2
wintergreen air freshener,2,2
toyota le head dolls,2,2
pacific ocean,2,2
fiancee's next car,2,2
garmin,2,2
navi system,2,2
1996 isuzu trooper,2,2
detraction,2,2
other buyers,2,2
it's time,2,2
bmw's track record,2,2
future  car,2,2
new era,2,2
houston,2,2
aux jack,2,2
ordered car,2,2
h1,2,2
usb port,2,2
garman,2,2
black socks,2,2
moment's hesitation,2,2
acura's  acura,2,2
air fare,2,2
330i zsp,2,2
okey dokey,2,2
not more performance,2,2
as much performance,2,2
airplanes,2,2
is.i,2,2
face brands,2,2
metallic,2,2
stand,2,2
cheap shot,2,2
cough,3,2
another discussion,2,2
major changes,2,2
bleeding,2,2
f.o.r.d,2,2
us auto industry,2,2
no changes,2,2
price segment,2,2
most dealers,2,2
xenon lights,2,2
xede,2,2
2011 model,2,2
stand alone option,2,2
its inventor,2,2
infrastructure,2,2
selected users,2,2
limited series,2,2
regular product development process,2,2
world's first hydrogen-drive luxury performance automobile,2,2
new bmw hydrogen,2,2
one.i,2,2
automotive world,2,2
bargain price,2,2
gorgeous car,2,2
manual transmission entry luxury sedan,2,2
impossible dream,2,2
paddle,2,2
final buying decision,2,2
candidates,2,2
new physical laws,2,2
devices,2,2
electri honda  producers,2,2
all electric pollution free  car,2,2
no basis,2,2
notice,2,2
other tuners,2,2
dinan performance add-ons,2,2
power gain,2,2
reflashed chip,2,2
no availability,2,2
custom,2,2
optional 6 speed manual tranny,2,2
bank vault,2,2
inexpensive price lincoln,2,2
just enough sport,2,2
i35,3,2
chrysler m,2,2
bmw reliability,2,2
leaders,2,2
recommendations,2,2
local lexus dealership,2,2
such conflicting information,2,2
another state,2,2
one 3 series manual coupe,2,2
xm radio,2,2
e.g. four doors,2,2
following configuration,2,2
bmw web,2,2
normal one,2,2
leather option,2,2
almost every manufacturer,2,2
whatever vehicles,2,2
own thread,2,2
item,2,2
pricepoint,2,2
inflation,2,2
first time buyer,2,2
two doors,2,2
sporty suspension,2,2
today's ellps market,2,2
bmw 330i,2,2
14 seconds,2,2
red line,2,2
$6k,2,2
gp,2,2
mercedes-benz  c,2,2
original sport  sedan,2,2
smart thing,2,2
07 tl,2,2
$10k number,2,2
consumption,2,2
plethora,2,2
10k number,2,2
no honda,2,2
automatic tranny,2,2
10k difference,2,2
cadillac dealership,2,2
sports package + premium package,2,2
urge,2,2
new grill,2,2
trek,2,2
standard  seat,2,2
more.i,2,2
recent post,2,2
slew,2,2
edit,3,2
overkill,2,2
it.as,2,2
over $30k,2,2
occasions,2,2
thrill,2,2
choice.i,2,2
driving life,2,2
all the goodies,2,2
small guy,2,2
pocketbook,2,2
not a car,2,2
great power,2,2
great bargain,2,2
local paper,2,2
interior plastics,2,2
wrong wheels,2,2
price and monthly payments,2,2
shop vehicles,2,2
new hampshire,3,2
entry level  sedan,2,2
and  volkswagen,2,2
338i,5,2
cap,2,2
typical bmw,2,2
shades,2,2
sound systems,2,2
every day,2,2
legal opportunities,2,2
users,2,2
excellent luxury  car,2,2
110%,2,2
eons,2,2
ed thing,2,2
pep,2,2
is500 a.k.a,2,2
future is350,2,2
sharpest steering,2,2
lexus engineers credit,2,2
mutually exclusive terms,2,2
stu toyota ornness,2,2
sl65,2,2
any consolation,2,2
mics,2,2
japanese brands,2,2
lexus engineers,3,2
no reference,2,2
r&t's definition,2,2
sports emphasis,2,2
hotshot,3,2
90mph,4,2
hyundai excel,2,2
pennsylvania,2,2
yellow signs,2,2
suggestions?that,2,2
those little yellow  dodge p speed signs,2,2
good amount,2,2
any luxury car,2,2
metal cassette,2,2
chromium dioxide,2,2
35 corner,2,2
no concept,2,2
ahh,2,2
cruise,3,2
rush hour,2,2
difficulty,2,2
japanese makes,2,2
r63,2,2
absolute requirement,2,2
small side,2,2
luxury  factor,2,2
artificial brake pedal,2,2
1/4 mile track,2,2
lap,2,2
actual  car,2,2
durability,2,2
digging,2,2
screws,2,2
metal f dodge e,2,2
events,2,2
speakers,2,2
silver  pontiac,2,2
3 track events,2,2
displacement,2,2
track's comparos,2,2
exact opposite,2,2
ranking,2,2
jdp,2,2
serious issues,2,2
ultra elites,2,2
any manufactor,2,2
its face,2,2
blow,2,2
over 1 grand,2,2
any incentive,2,2
blue tooth,2,2
few standard equipments,2,2
previous poster,2,2
tossability,2,2
rwd setup,2,2
last gen car,2,2
extremely c dodge ped interior,2,2
u.s. auto industry,2,2
general motors corp,2,2
what speeds,2,2
series.you,2,2
cu.ft,2,2
93/12 pass/cargo space,2,2
another option,2,2
more space,2,2
rear(two,2,2
center rear position,2,2
small size,2,2
poison,2,2
great balance,2,2
6 speed auto,2,2
bmw x3,2,2
acura rl,2,2
caravan,2,2
incentive,2,2
manufactures,2,2
home run,2,2
4000 worth,2,2
precision engineering,2,2
performance edge,2,2
much better deal,2,2
ya'll,2,2
"new modern lansing, michigan plant",2,2
outgoing cts,2,2
any given car,2,2
vvt,2,2
no kidding,2,2
only a few options,2,2
tc,2,2
scion,2,2
highest resale value,2,2
driver'side,2,2
excellent performance,2,2
upcoming cts,2,2
same deal,2,2
most vehicles,2,2
q2,2,2
(q2,2,2
asq perceived nameplate quality,2,2
quick overview,2,2
imho.i,2,2
luxo/performance arena,2,2
no panacea,2,2
more attention,2,2
draw,3,2
global assembly plant quality,2,2
j.d. power,2,2
toyota s rating,2,2
mercs,2,2
cheap plastic,2,2
toyota  hyundai,2,2
speedo,2,2
higher end,2,2
these jobs,2,2
sno toyota,2,2
first   snob  car,2,2
us industry,2,2
dislike,2,2
us products,2,2
quality debate,2,2
total picture,2,2
softer ride,2,2
rwd caddy,2,2
even the base model,2,2
new 08' cts,2,2
lincoln ls,2,2
buick grand national,2,2
trans,4,2
other perks,2,2
beer,2,2
gut,2,2
5-7 years,2,2
leagues,2,2
bmw 1 series,2,2
better version,2,2
volvo 3 series,2,2
not   fun,2,2
no real flair,2,2
reliable transmission,2,2
al,2,2
(sorry rockylee,2,2
moreso,2,2
bmw prices,2,2
board room,2,2
just a tuned bose,2,2
e90 325i,2,2
bose systems,2,2
top guy,2,2
universe,2,2
any segment,2,2
overall sales,2,2
ford f-series pick-ups,2,2
5% range,2,2
us companies,2,2
future shopping l toyota,2,2
90 gig hard drive,2,2
nice enough vehicle,2,2
just one thing,2,2
however cadillac,2,2
bmw 3 series type success,2,2
just a few short years,2,2
100k units,2,2
few year,2,2
coupe/convertible,2,2
"70,000 units",2,2
larger size,2,2
45 more horses,2,2
40 gig hard drive,2,2
digital surround sound,2,2
circle,2,2
infinity  pontiac,2,2
easy access,2,2
competiton,2,2
its first year,2,2
departure,2,2
headlight,2,2
skiing,2,2
true driver's car,2,2
isn'the top cts,2,2
relatively poor handling,2,2
production models,2,2
dd,2,2
strength,2,2
digital surround sound system,2,2
lil' more attention,2,2
bmw  ford,2,2
r&d,2,2
solid engineering and long-term refinement,2,2
disadvantage,2,2
great suspension tuning,2,2
tight turning radius,2,2
laps,2,2
extended test drive,2,2
mrs,2,2
same vehicle,2,2
95hp,2,2
"well, a suburb",2,2
extra 95hp,2,2
only porsche,2,2
only a 0.2 second difference,2,2
normal cc,2,2
new house,2,2
separate set,2,2
amg package,2,2
new cl550,2,2
second and third choices,2,2
s4 replacement,2,2
ellps thread,2,2
security,2,2
cell phones,2,2
other ellps candidates,2,2
target market,2,2
3 and 5 series,2,2
750il,3,2
exchange,2,2
builders,2,2
"long, long time",2,2
sigma ii,2,2
sigma platform,2,2
bigger vehicle,2,2
gotcha,2,2
slalom course,2,2
rft,2,2
4.9 seconds,2,2
very little breathing room,2,2
japanese competitors,2,2
5 and 7 series,2,2
525i,5,2
those models,2,2
~200 lbs,2,2
no mean feat,2,2
clone,2,2
superior product,2,2
suspension parts,2,2
fr chevrolet,2,2
driver training courses,2,2
all the current cts,2,2
avid bmw fan,2,2
shores,2,2
catera family line,2,2
oh,2,2
pity'sake,2,2
2005 audi,2,2
speculation,2,2
cayenne,2,2
base suspension,2,2
helmets,2,2
small performance sedan/hatch,2,2
too bad bmw,2,2
visit,2,2
no damage,2,2
best brakes,2,2
2009 model year,2,2
impact zone,2,2
u.s. brand stick,2,2
other not-so-great factors,2,2
1.5g,2,2
stated 0.3 second difference,2,2
better  bmw,2,2
greatness,2,2
extra .3secs,2,2
sporty rwd  sedan,3,2
jaws,2,2
red light,2,2
any sport,2,2
rollovers,2,2
crashes,2,2
awd bmw,3,2
all the  bmw,2,2
best compromise,2,2
decent rwd sports sedan,2,2
$5k premium,2,2
other luxury  car,2,2
german automakers,2,2
german luxury car,2,2
no subsantive reason,2,2
dealer satisfaction,2,2
jersey,2,2
last 5 years,2,2
impacts,2,2
crash zones,2,2
choice.regards,2,2
335xi coupe,2,2
new  bmw  coupe,2,2
radar detector,2,2
nirvana,2,2
padding,3,2
actual driving,2,2
any length,2,2
these bmw babies,2,2
chasis,2,2
gross exagerrations,2,2
isolation chamber,2,2
real driving,2,2
first anti domestic guy,2,2
many respected experts,2,2
its merits,2,2
also ran sports sedan,2,2
audi's4,2,2
2 seconds,2,2
big part,2,2
association,2,2
common vs. german  car,2,2
absurd nose,2,2
real exterior design,2,2
best eye,2,2
entrylux,2,2
old cadillac catera,2,2
rwd layout,2,2
cartoonish,2,2
world class interior,2,2
5/cts comparo,2,2
next month,2,2
winter car,2,2
"193,000 miles",2,2
alpine,2,2
bushings,2,2
its motives,2,2
2002 530i 5-speed,2,2
general statement,2,2
auto rags,2,2
bilge water,2,2
at least test,2,2
view points,2,2
real driving enthusiast,2,2
2004 cts,2,2
no   substantive  reason,2,2
those times,2,2
http://www.edmunds.com/insideline/do/drives,2,2
timing,2,2
tiger woods,2,2
car magazine,4,2
car&#146;suspension,2,2
no loss,2,2
no v6,2,2
early models,2,2
both cases,2,2
even the paper specs,2,2
those pictures,2,2
bluebuydotcom,2,2
anemic engine,2,2
fumes,2,2
these links,2,2
cf,2,2
lift,2,2
fuel efficiency,2,2
regular midsize 4-door  sedan,3,2
pbest regards,2,2
pass,2,2
secret,2,2
3rd pedal,2,2
pure speed,2,2
dsg  audi,2,2
haven&#146;t,2,2
marketing bilge,2,2
scribes,2,2
free tires,2,2
s14,3,2
injectors,2,2
cams,2,2
cayman s,2,2
c6  chevrolet,2,2
much more fun,2,2
s  model,2,2
gift,2,2
infiniti  pontiac 5 coupe,2,2
it.the cts,2,2
damn,2,2
real sports sedan,2,2
biased opinion,2,2
bmw products,2,2
less propensity,2,2
every review,2,2
any other rwd sports sedan,2,2
ankles,2,2
first 3 yrs,2,2
great difference,2,2
( bmw,2,2
previous generation  bmw,2,2
finacning period,2,2
one particular car,2,2
under $24k,2,2
used cts models,2,2
ntohign,2,2
criticisms,2,2
sloppy suspension,2,2
horror stories,2,2
lighter weight,2,2
v8 engines,2,2
new rotors,2,2
luxury options,2,2
weight d toyota ribution,2,2
chassis  toyota mics,2,2
lateral grip,2,2
midsize german car,2,2
compact german car,2,2
3/ audi /is,2,2
rwd sports sedan,2,2
front end dive,2,2
pandering auto journal toyota,2,2
60 months,2,2
stink,3,2
3600+ lbs,2,2
shelf,2,2
cousin's new  subaru,2,2
very much love/hate ergonomics,2,2
gm   quality,2,2
unobtainium,2,2
auction,2,2
e34,3,2
shift,2,2
s70,3,2
s500 coupes,2,2
all places,2,2
too much money,2,2
67   mercedes-benz,2,2
large sedan,2,2
those criteria,2,2
50/50 d toyota ribution,2,2
lamest excuses,2,2
gms management,2,2
idiot journal,2,2
its not a bad car,2,2
gm mi chevrolet,2,2
last gen  cadillac,2,2
any revies,2,2
new version,2,2
other candidates,2,2
5-speed mt,2,2
car pace,2,2
is300 sportcross,2,2
no manual,2,2
all reviews,2,2
thousands  argument,2,2
more expensive  car,2,2
shuts,2,2
nice bit,2,2
4 to 5 year period,2,2
millionare,2,2
multi,2,2
critic,2,2
human,2,2
flash,2,2
fools,2,2
better bargain,2,2
front drive,2,2
ferraris,2,2
table,2,2
good discussion,2,2
critics,3,2
softball  reviewers,2,2
media conspiracy,2,2
hidden truth,2,2
one article,2,2
lesabre,2,2
one reference article,2,2
one post,2,2
only automatics,2,2
entry-level luxury performance sedan,2,2
continued defense,2,2
quartz interior,2,2
sob right turn,2,2
30k msrp,2,2
loaded  audi,2,2
tight tiny compact wagon,2,2
101  wheelbase,2,2
as much (v6 awd,2,2
drivers car,2,2
cts owners,2,2
common sense,2,2
bad vehicles,2,2
those stat toyota ics,2,2
poise,2,2
those guys,2,2
me.u,2,2
release,2,2
lexus dealer,2,2
un honda d,2,2
no reasons,2,2
it's reputation,2,2
50 year old woman,2,2
right side,2,2
these parts,2,2
salesguy,2,2
last cts,2,2
nuts,2,2
car and driver's review,2,2
blue tl,2,2
abyss,2,2
decent ride,2,2
ancient-looking steering wheel,2,2
$4k worth,2,2
no power seat controls,2,2
urethane steering wheel,2,2
$25 car,2,2
nothing entry,2,2
mazd audi  hatchback,2,2
audi's version,2,2
audi  entry level lux,2,2
cts.i,2,2
base  audi,2,2
several vehicles,2,2
serious flaw,2,2
bmw  interior,2,2
bucket  seat,2,2
don'they,2,2
too c dodge ped,2,2
methods,2,2
other publishers,2,2
one component,2,2
great amount,2,2
experimentation standpoint,2,2
most sound,2,2
testing methods,2,2
audi /4,2,2
any product,2,2
looks department,2,2
objective reviews,2,2
lease deals,3,2
billboard,2,2
wives,2,2
edmonds,2,2
photographs,2,2
bell curve,2,2
graph,2,2
break dust,3,2
gm  car,2,2
interior ergonomics,2,2
base version,2,2
least bit,2,2
reliability/ toyota scores,2,2
next vehicle,2,2
cr's data,2,2
exceptional car,2,2
volvo  turbo,2,2
village,3,2
what the hell,2,2
all the fun,2,2
serious look,2,2
thicker sway bars,2,2
go-fast  parts,2,2
cadillac dealer,2,2
used car market,2,2
decent/good discount,2,2
baltimore dealer,2,2
mystery,2,2
illusion,2,2
calculations,2,2
averages,2,2
baby enron,2,2
what type,2,2
us market,2,2
cheap plastics,2,2
judgement,2,2
sporty  fwd sedan,2,2
286 hp,2,2
crx,2,2
different sizes,2,2
"27k mi) rough idling, tranny shift shock, emissions equipment repair",2,2
1.5 years- $500 repair,2,2
numerous issues,2,2
commuter duty,2,2
3600 lbs,2,2
true sign,2,2
most inferior car,2,2
someone cross-shopping bmw,2,2
gon,2,2
automotive journal,2,2
both industry,2,2
best luxury car interior,2,2
firm ride,2,2
its design,2,2
more real toyota,2,2
own experiences,2,2
average owners,3,2
target prices,2,2
shopper,2,2
one person experience,2,2
own personal  car,2,2
average owner,2,2
best  toyota tions,2,2
2007  car,2,2
intellichoice figures,2,2
little annoying car,2,2
tl-s - the base tl,2,2
sleep,2,2
substantial increase,2,2
any 3 series competitor,2,2
all the features,2,2
inches,2,2
crappy  car,2,2
gm/ford/chrysler,2,2
smartest buy,2,2
concepts,2,2
production v honda nts,2,2
gm bean-counters,2,2
past results,2,2
pontiac  interior,2,2
demise,2,2
absolute awe,2,2
every gadget and luxury item,2,2
every luxury item,2,2
high revs,2,2
2000  bmw,2,2
most expensive car,2,2
better options,2,2
wonderful  car,2,2
attachment,2,2
images,2,2
all ways,2,2
3300 lbs,2,2
diaper,2,2
point.fwiw,2,2
no matter the price,2,2
tri-star emblem,2,2
acura ary bmw performance,2,2
any ideas,2,2
price structure,2,2
no stickshift,2,2
ex toyota ed,2,2
original posting,2,2
reliable source,2,2
logic7,3,2
much reason,2,2
no more features,2,2
so much cutting edge technology,2,2
luxury manufacturer's badge,2,2
4-5k,2,2
base 5 series,2,2
premium model,2,2
fanny,2,2
lincoln  luxury,2,2
/aesthetic appearance,2,2
even the interior,2,2
fancy,2,2
come-on dude,2,2
drivetrains,4,2
car.you,2,2
pure sports  car,2,2
those issues,2,2
hairs,2,2
s430,2,2
quality issues,2,2
gamble,2,2
hp war,2,2
worms,2,2
higher msrp,2,2
european family sedan,2,2
x-type,2,2
kia sophia,2,2
different ball game,2,2
consumate entry level vehicle,2,2
ford 's $34k,2,2
hearts,2,2
compact car,2,2
loaded  nissan,2,2
$15k economy car,2,2
same company,2,2
different level,2,2
33k  bmw,2,2
88g,2,2
most bmw drivers,2,2
bluedotguy,2,2
car's performance,2,2
exceptional handling,2,2
straightline performance,2,2
geez people,2,2
good limit,2,2
gm supplier prog dodge,2,2
options l toyota,2,2
self,2,2
egads,2,2
upper tier,2,2
lenghty l toyota,2,2
several times,2,2
excellent car - bmw 330i,2,2
cliff,2,2
tl msrp,2,2
apples comparison,2,2
rush hour traffic,2,2
c-series,2,2
luxury neighborhood,2,2
no guts,2,2
less expensive more practical  car,2,2
driving involvement,2,2
todays traffic,2,2
stiffer suspension,2,2
270 hp,2,2
6 ellps,2,2
smart and bargain conscious shopper,2,2
hab,2,2
average person,2,2
superman,2,2
tame,2,2
much more powerful performance car,2,2
me.and,2,2
superior suspension,2,2
particular discussion,2,2
every american made vehicle,2,2
key word,2,2
employee discount,2,2
same argument,2,2
near-luxury manufacturer,2,2
luxury car manufacturer,3,2
more luxurious siblings,2,2
gee,2,2
heights,2,2
four or more people,2,2
its up,2,2
any one,2,2
mz6,2,2
2 kids,3,2
two adults,2,2
quite as nice tires,2,2
last few days,2,2
those kind,2,2
indianapolis,2,2
them.i'm,2,2
high speeds,2,2
fashion statement,2,2
(let'say stuff,2,2
whiplash,2,2
gms  gm employee discount,2,2
no domestics,2,2
$10k discount,2,2
no sulking,2,2
trip computer,2,2
active cruise control,2,2
average buyer,2,2
cts-v comparo,2,2
categories,2,2
cybersol,2,2
flavor,2,2
nearly 40 years,2,2
leadership,2,2
gills,2,2
dark side,2,2
boredom,2,2
15 mph,2,2
philosophy,2,2
high dollar  item,2,2
added expense,2,2
wr,2,2
desk,2,2
nationwide factory incentives,2,2
no   supped up  car,2,2
30-45k,2,2
all aspects,2,2
me.that,2,2
view.regards,2,2
same l toyota,2,2
better rounded package,2,2
no argument,3,2
amen,2,2
hat,2,2
its an old chassis,2,2
finance,2,2
today's car,2,2
aspirational vehicle,2,2
manual and sport package,2,2
personal choice,2,2
bmw lovers,2,2
what other  car,2,2
outdo,2,2
auto transmission equipped ellps,2,2
chart,2,2
toyota mically superior sport sedan,2,2
equal quality,2,2
crapper,2,2
jag reliability,2,2
reliability nightmare,2,2
not the saab,2,2
discussion l toyota ed,2,2
pinch,2,2
not a  bmw,2,2
25-35k,2,2
r 220hp + luxury nameplate,2,2
recollection,2,2
torque peak,2,2
vaunted e46  bmw,2,2
new tt,2,2
another model,2,2
"$40,000+ audi tt",2,2
new  volkswagen,2,2
7 seconds,2,2
bmw  price,2,2
outstanding sport/luxury  sedan,2,2
rwd handling,2,2
upscale cabin appointments,2,2
solid straight-line performance,2,2
#1. a bare-bones  bmw,2,2
the-pants,2,2
significant gap,2,2
still light years,2,2
lincoln  ford,2,2
opponent,2,2
few others posters,3,2
readers,2,2
17  wheel,2,2
#1 choice,2,2
awesome car,2,2
2 different classes,2,2
$39k bmw,2,2
it.and,2,2
another word,2,2
any brand,2,2
6.5 seconds,2,2
attack,2,2
4000 rpm,2,2
$23k acura,2,2
determining factor,2,2
past 4 years,2,2
38k  bmw,2,2
not the  bmw,2,2
combined leg room,2,2
4 person sedan,2,2
thier suv,2,2
"surprisingly, combined leg room",2,2
front head room,2,2
front and rear shoulder room,2,2
every interior dimension,2,2
auto world,2,2
rotor,2,2
long drive,2,2
hard ford,2,2
cts-v,2,2
many owners,2,2
narrow range,2,2
more 5 series clone,2,2
seat fun car,2,2
total lack,2,2
heavy and numb steering,2,2
chatty-rough engine,2,2
car's banal power delivery,2,2
sensation,2,2
90 degrees,2,2
current honda,2,2
pump,2,2
same person,2,2
even the  pontiac,2,2
two teenage kids,2,2
not everything,2,2
e28,3,2
very nice looking car,2,2
marked improvement,2,2
gray plastic,2,2
giggles,2,2
grins,2,2
another time,2,2
feces scale,3,2
such crappy  car,2,2
one midsize example,2,2
about the same size,3,2
both the bmw,2,2
louis,2,2
clear defining line,2,2
mercedes-benz   amg,2,2
act,2,2
build,2,2
much headroom,2,2
good sign,2,2
cult,2,2
bad ergonomics,2,2
lousy manual,2,2
wot,3,2
good resale,2,2
s63,2,2
m7,3,2
average  bmw  buyer,2,2
$44-45k,2,2
vinyl interior,2,2
tl and  volvo,2,2
quiet interior,2,2
2004 v70,2,2
fake stuff,4,2
real metal,2,2
car makers,2,2
asap,2,2
inferior material,2,2
only other ellps,2,2
metallic trim,2,2
maple wood,2,2
15 minute test drive,2,2
good work,2,2
competes,2,2
pontiac 5 and acura tl,2,2
faster better performing car,2,2
entry-level luxury car,2,2
two different things,2,2
c4s,11,2
4/5 stars,2,2
5 weeks,2,2
hard plastics,2,2
other sites,2,2
autoblog,2,2
rolls,2,2
gs350rwd,2,2
lexus dealerships,2,2
plastic coating,2,2
rings,2,2
u.s. market,2,2
1992-93 gmc typhoon,2,2
1991 gmc syclone,2,2
solid entry,2,2
icon,2,2
dan,2,2
stranger,2,2
almost  acura,2,2
bmw/mb/audi dealers,2,2
family sedan buyers,2,2
bmw buyers' priorities,2,2
four  car,2,2
volkswagen s,2,2
f dodge es,2,2
engine  problem,2,2
build and material quality,3,2
screaming bargain,2,2
only mazda,2,2
un toyota ue style,2,2
whole post,2,2
disc brakes,2,2
whole other story,2,2
"its cavernous, gaping wound",2,2
just... not my thing,2,2
ceiling,2,2
beverly hills,2,2
electricals,2,2
roadsters,2,2
l part,2,2
backroads,2,2
great time,2,2
hoops,2,2
manual class,3,2
any caddy,2,2
great option,2,2
start button,2,2
ette,2,2
influence,2,2
most bmw 3 series buyers,2,2
both worlds,2,2
sundays,2,2
previous owners,2,2
http://www,2,2
debates,2,2
fool,2,2
constant drumbeat,2,2
disaster,2,2
daily driving,2,2
clip,2,2
sway bars,2,2
nice things,2,2
especially shoppers,2,2
30 secs,2,2
ary,2,2
year end,2,2
best performer,2,2
its a bmw,2,2
regular joe/jane type,2,2
performance king,2,2
today's auto market,2,2
euro delivery discussion,2,2
$39k car,2,2
hauss,2,2
used one,2,2
average ellps,2,2
porsche's interior,2,2
different category,2,2
more p,2,2
next gen  bmw,2,2
bimmer fans,2,2
"lexus, infiniti, audi, mb, acura models",2,2
"c, saab",2,2
es350s,2,2
social status,2,2
performance capability,2,2
just another rwd car,2,2
jd power surveys,2,2
easy car,2,2
g and 3 series,2,2
not because its the best ellps,2,2
8:26 back,2,2
22 secs,2,2
hot rod nov issue,2,2
redneck,2,2
objective rational reason,2,2
morons,2,2
any stance,2,2
any emperical evidence,2,2
rx350,2,2
average sale price,2,2
cave,2,2
these claims,2,2
any evidence,2,2
55 mph,2,2
track day,2,2
all those  car,2,2
propeller,2,2
most  bmw,2,2
fastest time,2,2
first few miles,2,2
occassions,2,2
battery pack,2,2
functions,2,2
07' cts,2,2
certain brands,2,2
errands,2,2
any tl iteration,2,2
great brakes,2,2
apology,2,2
white diamond,2,2
thunder grey,2,2
even some japanese  car,2,2
crappy barcalounger leather,2,2
whose standard leatherette,2,2
staff,2,2
q- mile,2,2
other tests,2,2
even motor trend,2,2
higher cost-to-own rating,2,2
sirius radio,2,2
premium pack,2,2
no manual transmission option,2,2
economies,2,2
former honda s2000,2,2
opposite ends,2,2
big exhaust pipes,2,2
5.0l v8,2,2
no   battery pack,2,2
future  parade,2,2
current time,2,2
cts-v talking hands,2,2
subjectivity,2,2
exactly the same thing,2,2
30-40%,2,2
avis,2,2
enough  buick,2,2
blind immigrants,2,2
poor machines,2,2
stitching details,2,2
non issue,2,2
thicker anti-roll bars,2,2
mess,2,2
honda  si,2,2
relatively common options,2,2
notorius,2,2
5-year 100k,2,2
gm discount,2,2
what percentage,2,2
instinct,2,2
couple laps,2,2
nuburing,2,2
what race,2,2
great interior,2,2
blatantly cheap leather,2,2
any luxury models,2,2
fenders,2,2
leather coming standard,2,2
not people,2,2
more ellps,2,2
55k iss,2,2
80k es350s,2,2
gm leather quality,2,2
so many folks,2,2
4-rings,3,2
ludacris imho,2,2
worthy luxury car alternative,2,2
same level   performance,2,2
similar car,2,2
bmw seat leather,2,2
german manfacturers,2,2
good  seat,2,2
kind of a thing,2,2
euro-firm,2,2
cheap leather,2,2
helm,2,2
teh,2,2
features.i,2,2
vip,2,2
"ls,  audi",2,2
ditto audi,2,2
everyday occurrence,2,2
seat leather,2,2
v honda tions,2,2
better pricing,2,2
far better interior,2,2
track numbers,2,2
slightly better handling,2,2
every time,2,2
400k copies,2,2
any one model,2,2
boxter,3,2
black,2,2
brief moment,2,2
desirability,2,2
he'still,2,2
any credibility,2,2
designer label suit,2,2
2007 volvo,2,2
1995 nissan  5-speed,2,2
at least the   performance  class,2,2
performance difference,2,2
$23k,2,2
3 or more other  car,2,2
non-bmw models,2,2
lexus or acura models,2,2
long term tests,4,2
any references,2,2
pontiac 5 pricing,2,2
interesting viewpoint,2,2
1.5 mile stretch,2,2
fun  chevrolet ly,2,2
monthterm,2,2
dodge  bank lease alease payment,2,2
39 months,2,2
just a basic  bmw,2,2
reality bites,2,2
four options,2,2
4  sedan,2,2
3 series pricing,2,2
current class,2,2
media,2,2
pontiac 5's ride,2,2
driving impressions,2,2
only the green people,2,2
absorb,2,2
quite a while,2,2
same enjoyment,2,2
luxury segment,2,2
3 year true cost,2,2
tough nut,2,2
insane deal,2,2
only $1800 more so sub 38k pricing,2,2
07  bmw  sedan,2,2
330s,2,2
standard bmw suspension,2,2
ride/sport compromise,2,2
330s  toyota,2,2
recent automobile mag long term,2,2
bmw board,2,2
used e46,2,2
its drive,2,2
car's feel,2,2
main concern,2,2
nav.system,2,2
too.i,2,2
(sic,2,2
moolah,2,2
bmw's handling,2,2
fundamental basis,2,2
primary reason,2,2
all the reliability  problem,2,2
drive/handling,4,2
no real backing,2,2
mercedes-benz  rules,2,2
few notches,2,2
bmw panache,2,2
bahn,2,2
"bmw's,   mercedes-benz",2,2
all means,2,2
solidity,2,2
first test drive,2,2
06 325i,2,2
mid 20s,2,2
17 years,2,2
bad place,2,2
06  bmw,2,2
boring,2,2
soft spot,2,2
loaded  honda,2,2
certain reasons,2,2
slalom speeds,2,2
serious competition,2,2
vz nav,2,2
resale issue,2,2
chrome rims,2,2
ranks,2,2
extra  car,2,2
low price point,2,2
those  problem,2,2
snap oversteer,2,2
subjective value,2,2
already  toyota d,2,2
wraps,2,2
several rwd competitors,2,2
cycle,2,2
driver precise control,2,2
plastics,2,2
asians,2,2
offering,2,2
too much credit,2,2
beemer and mb badges,2,2
gold standard,2,2
$31k,2,2
just the sport package,2,2
laser cruise,2,2
nut,2,2
governor,2,2
many other vehicles,2,2
nissan / nissan  v6,2,2
honda  ex v6,2,2
current  pontiac,2,2
different generations,2,2
segment.i,2,2
name-brand factor,2,2
vastly bigger and better optioned out competitor,2,2
wrong forum,3,2
tennessee,2,2
top pick,2,2
lucerne cxs start,2,2
8way  seat,2,2
far more features,2,2
equipment levels,2,2
top sound system,2,2
drive wheels,2,2
s&g,2,2
battle,2,2
few grand,2,2
only person,2,2
neither side,2,2
progression,2,2
280z,3,2
ringer,2,2
true sportscar,2,2
interior material quality,4,2
sights,2,2
price tags,2,2
under $30k,2,2
feature/ability,2,2
cheaper object,2,2
free roadside ass toyota ance,2,2
rear windows,2,2
power passenger seat,2,2
six cylinders,3,2
logic7 sound,2,2
european buick,3,2
:p rockyp.s,2,2
long term maintenance costs,2,2
basic terms,2,2
bottle,3,2
brake drying cost,2,2
fade compensation,2,2
3-stage,2,2
bmw's heated  seat,2,2
all-leather,2,2
bmw's leather  seat,2,2
auto-leveling,2,2
bmw's hid,2,2
associated compromises,2,2
important thing,2,2
luxury or technology features,2,2
nice interiors,2,2
both the  audi,2,2
mag reviews,2,2
ford  car,2,2
beholders,2,2
win,2,2
4-c'suspension,2,2
more firm ride,2,2
toss-up,2,2
fintail,2,2
saab lineup,2,2
same experience,2,2
those two things,3,2
answer.i,2,2
bwm,2,2
more choices,2,2
audi  quatro,2,2
other folks,2,2
chocolate,2,2
headlight washers,2,2
these safety features,2,2
you  toyota d,2,2
opinion.regards,2,2
personal values,2,2
very nature,2,2
honda  v6  honda,2,2
other end,2,2
close inspection,2,2
value system,2,2
detractors,2,2
good comparions,2,2
partial leather,2,2
those kinds,2,2
honda  ex,2,2
not many options,2,2
stitching,2,2
its price range,3,2
zero cap reduction,2,2
enough snow,2,2
(rwd,2,2
pontiac 5 coupr,2,2
fishtail,2,2
spinning,2,2
x type reliability,2,2
sport wagon,2,2
jaguar x type,2,2
globe,2,2
one hour,2,2
gustav mahler,2,2
better  composer,2,2
$29k,2,2
good service,2,2
any model,2,2
240 turbo,2,2
few rides,2,2
new 2008 600hp ctsv,2,2
most expensive vehicle,2,2
high-end offerings,2,2
high-end sedan  volvo,2,2
nice factory incentives,2,2
new x types,2,2
msn ratings,2,2
yahoo,2,2
first year  problem,2,2
2002 model,3,2
more options,2,2
sha toyota y,2,2
even better deal,2,2
mo,2,2
exotics,2,2
guildeline,2,2
german engineering,2,2
r  car,2,2
any sporting aspirations,2,2
cost differential,2,2
electrical system,2,2
2004 model,2,2
x type's reliability,2,2
2003 model year,2,2
bulk,2,2
cash buyer,2,2
any option,2,2
16  wheels,2,2
it'sporty,2,2
"good, well-balanced package",2,2
performance aspect,2,2
overlap,2,2
working class people,2,2
austin martin,2,2
overpriced stuff,2,2
several ways,2,2
tl's interior,2,2
absolutely nothing,2,2
lie,2,2
false statement,2,2
defender,2,2
i&#146;ll,2,2
powder,2,2
wouldn&#146;t,2,2
last vehicle,2,2
exact same problem,2,2
great vehicle,2,2
x type wagon,2,2
those lease subsidizers,2,2
well over a decade,2,2
5-6%,2,2
beloved  honda,2,2
2007 models,2,2
those sorts,2,2
$43k,2,2
57k,2,2
bad way,2,2
nice  seat,2,2
luxury touches,2,2
general sense,2,2
7-series,2,2
7.75% sales tax,2,2
base  bmw  sedan,2,2
"$28,415 ed invoice",2,2
$625 lease inception fee,2,2
$695 destination charge,2,2
dispositon fees,2,2
48 months,2,2
150%,2,2
car's msrp,2,2
real difference,2,2
many  bmw,2,2
$277/mo lease,2,2
6 speeds,2,2
3.6vvt engine,2,2
older generation,2,2
sardine,2,2
claustrophobia,2,2
collision repair,2,2
loaded  nissan  rental,2,2
damn car,2,2
grandkids,2,2
chevrolet  pickup,2,2
jag dealer,2,2
factory 7year-100k warranty + free loaner car,2,2
latest cat,2,2
all the ones,2,2
old fahioned way,2,2
max msd,2,2
2 or 3 years lease term,2,2
bmwfs' money factor,2,2
another engine,2,2
camcord,2,2
more prestige,2,2
horizon,2,2
auto maker,2,2
selling point,2,2
whole point,2,2
very good points,2,2
mb c350,2,2
stat toyota ician,2,2
troll,3,2
fortune 75 auto parts supplier,2,2
senior engineer,2,2
manual version,2,2
bolsters,2,2
five-seven and 145 lbs,2,2
rear doors,2,2
isn'this a 2-door,2,2
those reasons,2,2
any saab,2,2
entry level vehicle,2,2
euro delivery prog dodge,2,2
avg ellps,2,2
different type,3,2
2009 model,2,2
new generation,2,2
massive vehicle,2,2
not behemoth midsizers,2,2
compact  sedan,2,2
onstar,2,2
feature content,2,2
250+hp,4,2
attorney,2,2
someone power,2,2
copies,2,2
aka the dealership,2,2
middle man,2,2
what advantage,2,2
pricing info,2,2
lexus luxury,2,2
new gs,3,2
good ole,2,2
asking,2,2
few folks,2,2
subjective view,2,2
racers,2,2
awards,2,2
great looking  car,2,2
no bling,2,2
it(and notihng,2,2
it jsut,2,2
most  honda,2,2
high-strung thing,2,2
first bmw,2,2
ed car,2,2
two's company,2,2
toll roads,2,2
msrp - ed discount,2,2
ed savings,2,2
"when looking at bmw'site, the highest discount",2,2
different driving experience,2,2
subcompact,2,2
filing,2,2
last generation design,2,2
meh -  bmw,2,2
(300hp,2,2
more stuff,2,2
which features,2,2
subjective criteria,2,2
these car companies,2,2
trannys,2,2
one dealer,2,2
marketing muscle,2,2
gm statement,2,2
400k owners,2,2
representative sample,2,2
planet(within reason,2,2
almost anything,2,2
2-3 year old  car,2,2
5 series  car,3,2
another point,2,2
entire l toyota,2,2
911s cab,2,2
hatches,2,2
control buttons,2,2
best interior materials,2,2
"$23,000 hyundai",2,2
fog lights,2,2
most respects,2,2
delight,2,2
70s  chevrolet  nova,2,2
modern recreation,2,2
bland box,2,2
isntance,2,2
-cadillac cts,2,2
no 3 series,2,2
no torque steer,2,2
wrong reason,2,2
one fewer poseur,2,2
rebadged european  honda,2,2
not the sedan,2,2
two extra doors,2,2
joyous feel,2,2
format,2,2
conservative drivers,2,2
personal preferences,2,2
boundaries,2,2
fun/luxury factor,2,2
spotty electrical and accessory reliability(it,2,2
3s,2,2
more than 50%,2,2
original message,2,2
f-series,2,2
its chassis,2,2
buzz,2,2
thast car,2,2
all new cts,2,2
lousweis  toyota d,2,2
belly pan stampings,2,2
only 20%,2,2
1000 miles,2,2
front pads,2,2
peformance,2,2
above  car,2,2
pockets,2,2
spartan interiors,2,2
general counsel,2,2
younger crowd,2,2
all fairness,2,2
caddy representative,2,2
the-dealership,2,2
l toyota  nine  car,2,2
latest generation,2,2
rwd-only version,2,2
lease deal,2,2
tremendous value,2,2
rear differential,2,2
center bearing,2,2
huge driveshaft,2,2
fiat,2,2
individuality,2,2
saab drivers,2,2
big reason,2,2
goverment support,2,2
saab & volvo group,2,2
jan,4,2
presentation,2,2
one entry,2,2
infiniti   acura,2,2
shipping costs,2,2
several regular posters,2,2
73%,2,2
snobs,2,2
just not bmw fans,2,2
ue,3,2
rwd 330i,2,2
car company,2,2
saab aerospace na,2,2
/ toyota,2,2
lease inception,2,2
carmaker,2,2
business decision,2,2
hyundai  cost discussion,2,2
$400/mo,3,2
one month,3,2
bmw  convertible,2,2
pretty penny,2,2
no cap cost reduction,2,2
true monthly cost,3,2
attractive products,2,2
relatively young brands,2,2
better design,2,2
more buyers,2,2
old volvo,2,2
weapons,2,2
tanker,2,2
jet,2,2
submarine,2,2
saab & volvo corportion,2,2
all new  bmw,2,2
extra volume,2,2
today's ellps segment,2,2
good interior,2,2
search features,2,2
world debate,2,2
factory tires,2,2
only 10%,2,2
$625 acquisition fee,2,2
other costs,2,2
cap reduction,2,2
sedan forum,2,2
above average size driver,3,2
rear seat passengers,2,2
more size,2,2
just the  sedan,2,2
largest market share,2,2
000the,2,2
res toyota ance,2,2
standard bearer,2,2
past week,2,2
alphabet soup,2,2
ex toyota s,2,2
cadillac cts - greatest car,2,2
regular posters,2,2
ed talk,2,2
cents,2,2
windshield wipers,2,2
convenience,2,2
qx4,2,2
"58,000 miles",2,2
78k,2,2
78k miles,2,2
summation,2,2
pecking order,2,2
bmw thing,2,2
stunning looking,2,2
only the cayman,2,2
sub-3000 lbs coupe,2,2
good 400-500 lbs,2,2
pudgy beast,2,2
stunning tt,2,2
weight loss measures,2,2
cheek,2,2
infiniti dealer,2,2
envelope,2,2
7 years,2,2
several deficiencies,2,2
very hard marker,2,2
1 to 10 rate,2,2
better bmw,2,2
bullseye,2,2
ultimate performance,2,2
300k,2,2
status quo bmw praise,2,2
parity,3,2
savvy sports sedan shopper,2,2
its a joke,2,2
its a great car,2,2
stl540,2,2
both bmw,2,2
comparably equipped  bmw,2,2
not exactly places,2,2
comment people,2,2
slightly older  car,2,2
different manufacturers,3,2
different companies,2,2
sole purpose,2,2
respective  car,2,2
1st gen,2,2
best tools,2,2
surplus,2,2
infinit,2,2
2002 acura,2,2
injuries,2,2
more work,2,2
any rpm,2,2
manhattan traffic,2,2
first hand experience,2,2
couple pounds,2,2
serious ellps,2,2
"a grossly overpriced, fugly fwd 4-banger 3,000 lb coupe",2,2
mine-,2,2
fwd 2.0 tt,2,2
4-cylinder coupe version,2,2
luxury version,2,2
better ride,2,2
sporty driving,2,2
passionate sporty driving,2,2
2 cents,2,2
normal driving,2,2
higher rpms,2,2
cause,2,2
any opinion,2,2
flash card,3,2
5 mph traffic,2,2
sport  car,2,2
18 mpg,2,2
59k,2,2
weight reduction,2,2
no contest,2,2
even 2 years,2,2
rapid fleet update,2,2
rationale,2,2
car payments,2,2
cost difference,2,2
little effort,2,2
american auto makers,2,2
daytona,2,2
many european  car,3,2
all that stuff,2,2
10+ years,2,2
nav systems,2,2
goodness sakes,2,2
car manufacturers,2,2
hook,2,2
rough edges,2,2
expected competition,2,2
offering razor,2,2
commendable job,2,2
so many  car,2,2
low-end torque,2,2
lower rpms,2,2
/ bmw,2,2
any high performance,2,2
clothes,2,2
any choice,2,2
behemoth size,2,2
sentiments,2,2
just the wrong wheels,2,2
extra space,2,2
perspective.i,2,2
many ways,2,2
2 series,2,2
actual car,2,2
electronic components,2,2
break-in,2,2
good acceleration,2,2
different class,2,2
classic look,2,2
e9x models,2,2
tap,2,2
only 300hp,2,2
only a 3.0 l engine,2,2
25 mpg,2,2
essentially a fwd version,2,2
schlep,2,2
most posters,2,2
everybody's first car,2,2
but your first car,2,2
gs-350,3,2
"101,000 miles",2,2
pittsburgh,2,2
hp ratio,2,2
porsche 911/cayman/boxster,2,2
install,2,2
excess,2,2
4.2l,2,2
any feedback,2,2
m series,2,2
toyota ribution,2,2
races,2,2
following year,2,2
acura  owner,2,2
car.i'm,2,2
long d toyota ances,2,2
channel,2,2
acura website,2,2
snowfall,3,2
matching,2,2
much power,2,2
connecticut,2,2
automatic mode,2,2
boonies,2,2
nerd,2,2
peanut butter,2,2
swivel,2,2
fate,2,2
brawl,2,2
interesting discussion,2,2
past  car,2,2
old  car,2,2
weight class,2,2
stock suspension,2,2
lightest v8,2,2
patience,2,2
dinan mods,2,2
2600lbs,2,2
four people,2,2
modicum,2,2
two words,2,2
multiple  car,2,2
lightweight car,2,2
200lbs,2,2
toyota ies,2,2
additional weight,2,2
crap shoot,2,2
best bet,2,2
08 models,2,2
spin,2,2
swivel headlights,2,2
individual options,2,2
first customer,2,2
any leased vehicle,2,2
typically 'lexus,2,2
non-covered annoyances,2,2
non-covered repairs,2,2
business reason,2,2
race course,2,2
328 sedan,2,2
rwd  bmw,2,2
less weight,2,2
protection,2,2
race  car,2,2
weight issue,2,2
real safety,2,2
entry level luxury  car,2,2
any money,2,2
solutions,2,2
new car sales,3,2
-lease,3,2
volume,2,2
exterior things,2,2
auto climate,2,2
inputs,2,2
low speed crash,2,2
wants,2,2
night shifts,2,2
manual tranmission,2,2
what things,2,2
race car drivers,2,2
heavy vehicle,2,2
diet,2,2
big brother,2,2
any company,2,2
ala carte,2,2
ventilated front  seat,2,2
drive.i,2,2
airlines,2,2
classic example,2,2
no money,3,2
references,2,2
lease rate,3,2
both deals,2,2
one exception,2,2
three year,2,2
basket,2,2
far more time,2,2
cal grad,2,2
instructions,2,2
used vehicles,2,2
gx470,2,2
ml,2,2
lodging,2,2
another factor,2,2
contact patch,2,2
rwd drive trains,2,2
less parasitic loss,2,2
translation,2,2
situations,2,2
tight corners,2,2
overall handling balance,2,2
less torque,2,2
operative word,2,2
england,2,2
infiniti prices,2,2
performance tires,2,2
satellite,2,2
daughter's  honda,2,2
half-way,2,2
6th gear,3,2
third gear,2,2
most car mags,2,2
simple subtraction,2,2
splits,2,2
any auto magazine,2,2
launch,2,2
great point,2,2
0-60 times,2,2
socal,2,2
afs,3,2
adaptive front lighting system,3,2
headlamp washers,3,2
saab 900s,2,2
70-0 mph,2,2
5-60 mph,2,2
dig,2,2
audi  2.0t  audi,2,2
any other ellp,2,2
04 tl,2,2
these tls,2,2
auto trans,2,2
relative walk,2,2
white knuckle experience,2,2
tire spinning,2,2
fwd wheel hop,2,2
fold-down rear  seat,2,2
$8k,2,2
pontiac 5  dodge,4,2
around $40k,2,2
its platform,2,2
fm,6,2
pretty surefire indication,2,2
107.5  wheelbase,2,2
bind,2,2
audi's fwd,2,2
largest dealer,2,2
wd,2,2
4wd vehicle,2,2
audi  sedan,2,2
highway mileage,2,2
16 mpg/21 mpg,2,2
17 mpg/23 mpg,2,2
ford  hybrid,2,2
caveat,2,2
previous  pontiac 5 sedan,2,2
new  bmw  sedan,2,2
higher quality materials,2,2
"lighter, less complex, more efficient, more fun",2,2
aficionados,2,2
2) its elimination,2,2
1) its grip,2,2
/residual,2,2
better mpg,2,2
130lb,2,2
both  car ' mpg,2,2
about 2 mpg,2,2
hinderance,2,2
these entry level luxury  car,2,2
quality surveys,2,2
excellent service,2,2
population density,2,2
slight rise,2,2
dropping reliability,2,2
manual transmission german car,2,2
used awd car,2,2
used manual transmission car,2,2
these people,2,2
property,2,2
finances,2,2
tow,2,2
simply   marketing,2,2
all wheels,2,2
2007  audi,3,2
smoother ride,2,2
rough pavement,2,2
preventative maintenance,2,2
brake pad replacement,2,2
engine coolant life,2,2
air filter life,2,2
transmission oil,2,2
it's feet,2,2
inclement weather,2,2
awd sedan,2,2
magic lease genie,2,2
335xi or 535xi stick shift,2,2
huge economic disincentive,2,2
2wd car,2,2
retained resale value,2,2
hypothetical question,2,2
joy stick  controls,2,2
voice mail,2,2
so many places,2,2
de,2,2
audi  2.0t,2,2
35mpg,3,2
it'sold,2,2
local   mercedes-benz  dealer,2,2
beautiful car,2,2
no cost option,2,2
3500 lbs,2,2
no navi,2,2
new clutch,2,2
automatic car,2,2
every case,2,2
class-leading ratings,2,2
its principal rivals,3,2
mineral grade oil,2,2
detail,2,2
unmatched quality and exceptional driving performance,2,2
its d toyota inctive  toyota mic styling,2,2
pun,2,2
other lines,2,2
dodge ping up production,2,2
bmw's web site,2,2
4 wheels drift,2,2
greater appreciation,2,2
30 mph,2,2
all four wheels,2,2
conventional rwd,2,2
different line,2,2
later apex,2,2
corner entry,2,2
properly - brake,2,2
movies,2,2
poseur-ish,2,2
little fun,2,2
"unclaimed, stick shift",2,2
inbound 5 series,2,2
exit side,2,2
more neutral fwd car,2,2
even some oversteer,2,2
(more traction,2,2
trail)braking,2,2
entry side,2,2
only issue,2,2
touring,2,2
different car,2,2
power steering,3,2
sentiment,2,2
almost any angle,2,2
navigation screen,2,2
loli,2,2
mr. wilde,3,2
new models,2,2
"48,000 miles",2,2
"over 30,000 miles",2,2
x3s,4,2
butts,2,2
growth,2,2
that.the,2,2
stick buyers,2,2
floor plan,2,2
subtle amounts,2,2
luxury  car  wood,2,2
premium car,2,2
no wood,2,2
e46s,4,2
flower,2,2
last week,2,2
art toyota ic design,2,2
best interior design,2,2
manual repair,2,2
sane person,2,2
also a be pretty big flaw,2,2
manual transmission repair,2,2
ats,2,2
excessively high (over $2k repair bills,2,2
awful lot,2,2
different experience,2,2
bill h,2,2
its favor,2,2
infiniti interiors,2,2
women's watch,2,2
"flashy, old lady-oriented interior glitz",2,2
infiniti's love,2,2
recommended intervals,2,2
recalls,3,2
cost issue,2,2
two visits,2,2
e39/e46 bmw tranny repairs,2,2
five years,2,2
average tranny repair,2,2
average (auto and manual) transmission repair,2,2
no such stat,2,2
average repair cost,2,2
$2000 manual transmission repair,2,2
manual owner,2,2
181k,2,2
lesser quality,2,2
higher levels,2,2
back roads,2,2
181k miles,2,2
current  nissan,2,2
accumulated depreciation,2,2
us fare,2,2
life cycles,2,2
depreciation expense,2,2
financial collapse,2,2
(2005 911s,2,2
(1995  nissan  se,2,2
how about rather than rating perceptions,2,2
ray charles,2,2
car interiors,2,2
moderate snow,2,2
downside,2,2
mb.i,2,2
audi interiors,2,2
minority,2,2
round,2,2
porsche dealer,2,2
state lottery,2,2
na,2,2
shopping l toyota,2,2
kind words,2,2
miniscule oil consumption,2,2
famous v6 engine,2,2
plugs,2,2
beating,2,2
six years,2,2
scheme,2,2
toyota mic stability control,2,2
the-line,2,2
back road,2,2
non-s boxster,2,2
cheap efficient dependable car(s,2,2
no kids,2,2
quick snip,2,2
puppies,2,2
1995  nissan  se,2,2
interior color,2,2
purchasing decision,2,2
performance side,2,2
analog clock,2,2
audi  interior,2,2
background,2,2
"30,000+ miles",2,2
new e320 bluetec,2,2
designers,2,2
#3800 lbs,2,2
112  wheelbase,2,2
l toyota uor,2,2
drive-in,2,2
hp department,2,2
low weight,2,2
shoe horn,2,2
good non-pork edition,2,2
air transport manufacturers,2,2
entertainment,2,2
which direction,2,2
any damage,2,2
credentials,2,2
increased size,2,2
all non-m car  bmw,2,2
base 135i,2,2
many bimmer fans,2,2
that car's value,2,2
new  honda  coupe,2,2
exactly the discussion,2,2
most places,2,2
bmw and ugly rear end,2,2
smart move,2,2
pretty darned good,2,2
holy cow,2,2
former e300 turbodiesel,2,2
2005 e320 cdi,2,2
marketing director,2,2
tl/rl,2,2
air bag,2,2
plans,2,2
500the,2,2
no coupe,2,2
35.5k,2,2
few k,2,2
26k-27k,2,2
niche,2,2
rwd performance coupe,2,2
31-32k,2,2
average car buyer,2,2
"fun, small, nimble rwd coupe",2,2
good 5k,2,2
last bit,2,2
high performance tires,2,2
another quote,2,2
godsend,2,2
simple things,2,2
night and day difference,2,2
actual sale prices,2,2
not a  bmw  coupe,2,2
manufacturer's own lineup,2,2
toyota ting bmw's desire,2,2
just guesses,2,2
typically equipped coupe prices,2,2
no options retails,4,2
street price,2,2
same powertrain,2,2
e46 330i coupe,2,2
mercedes-benz ' build quality,2,2
auto-makers,2,2
no other reason,2,2
other forums,2,2
all the posts,2,2
one.the,2,2
brake issues,2,2
btwn,2,2
hot air,2,2
oven,2,2
prior car,2,2
bigger factor,2,2
average mileage,2,2
very low miles,2,2
much larger car,2,2
many guys,2,2
1-series thread,2,2
ca toyota,2,2
dunlops  bmw,2,2
merger,2,2
close friend,2,2
standard answer,2,2
his/her criteria,2,2
two generations,2,2
audi's interiors,2,2
which style,2,2
each person,2,2
fit-n'-finish,2,2
much money,2,2
average interior layout,2,2
lousy cupholders,2,2
low speeds,2,2
arrow,3,2
tx,2,2
mind quality- bmw,2,2
this:- lexus,2,2
warr,3,2
cab,2,2
jul,3,2
average adult,2,2
way more  toyota,2,2
car key,2,2
functionality,2,2
2 extra doors,3,2
more interior room,2,2
new  infiniti,2,2
almost 3700 pounds,2,2
exact same weight,2,2
g's interior,2,2
bargain basement price,2,2
true enthusiast,2,2
its engine,2,2
low-rent price tag,2,2
brilliant styling,2,2
outstanding  toyota mics,2,2
its introduction,2,2
infiniti's  pontiac 5 sedan,2,2
pride,2,2
american market,2,2
entire 3 years,2,2
premium price,2,2
similar equipment,3,2
glorified toyota,2,2
lexus gs platform,2,2
nicer badge,2,2
privilage,2,2
designer,2,2
bmw controversy,3,2
high status,2,2
advertisers,2,2
bad and good experiences,2,2
bigger chance,2,2
"$3,0981$0 2$0 3$0 4$1,009 5$2,089 total$3,098",2,2
328 5 year maintenance cost,2,2
5 year maintenance cost,2,2
dontbuylexus,2,2
bad examples,2,2
every car maker,2,2
good statments,2,2
secret  messages,2,2
lexus experience,2,2
curent lexus discussion,2,2
uprights,2,2
compnay,2,2
lexus reliability,2,2
short life,2,2
extra $5k,2,2
several models,2,2
more bmw owners,2,2
standard fare,2,2
front leg room,2,2
extremes,2,2
religion,2,2
certain brand,2,2
hardcore fan,3,2
least amount,2,2
"bmw,   mercedes-benz",2,2
same feel,2,2
each model,2,2
flow,2,2
spares,2,2
not much space,2,2
representative,2,2
lawsuits,2,2
good reputation,2,2
purely personal and anecdotal basis,2,2
probably an outgrowth,2,2
new pads,2,2
of hundred miles,2,2
pbr/axxis pads,3,2
42k miles,2,2
myriad,2,2
bmw field goal,2,2
1st year,2,2
occasional system  problem,2,2
these coments,2,2
bimmerfest,2,2
shipo  toyota d,2,2
bwm corp,2,2
appiontment,2,2
cooling system,2,2
only truth,2,2
enron,2,2
code,2,2
stories,2,2
anecdote,2,2
section,2,2
even the carpeting,2,2
new ls,2,2
free rental,2,2
inability,2,2
nor would any auto maker,2,2
buying forum,2,2
only lexus ads,2,2
experience  forum,2,2
more bmw ads,2,2
"new, unpatchable tire",2,2
same corp,2,2
bmw corp and/or dealer,2,2
bad guy,2,2
updating,2,2
personal level,2,2
statictics,2,2
blind devotion,2,2
opinon,2,2
doctors,2,2
law partners,2,2
personal priorities,2,2
1.5 years,2,2
then a dealer cost,2,2
2mm,2,2
1 year,2,2
volkswagen ag,2,2
only experience,2,2
another  volkswagen,2,2
"drive, friend",2,2
only positive thing,2,2
anecdotes,2,2
how controlling,2,2
dependability,2,2
fewest defects,2,2
new vehicles,2,2
136  problem,2,2
many bmw people,2,2
better   driving pleasure portfolio,2,2
little redundant,2,2
two compact fwd  car,2,2
two car family,2,2
pa dodge ount,2,2
former boss,2,2
driver fun,2,2
oe standards,2,2
jfk,2,2
other good choices,2,2
such b.s,2,2
tolerance,2,2
corporate execs,2,2
even porsche,2,2
waiting room,2,2
neighbors,2,2
left side,2,2
loop,2,2
speedometer,2,2
328cic,2,2
1999 328cic,2,2
2.5 years,2,2
hardtop,3,2
damn things,2,2
separate discussion,2,2
small percentage,2,2
those parts,2,2
duck,2,2
z3,4,2
unreliability,2,2
320i,3,2
disdain,2,2
many bmw,2,2
gm engineer,2,2
hole,2,2
exhaust pipe,2,2
wimpy exhaust,2,2
near silent engine,2,2
conti tires,2,2
no creaking,2,2
no wind noise,2,2
large amounts,2,2
performance luxury sedan,2,2
road noise complaints,2,2
thighs,2,2
most important thing,2,2
every new  bmw,2,2
"light, nimble, road-going sedan",2,2
any other manufcaturer,2,2
"lumbering, quiet, massive accountant's car",2,2
specifically the evolution,2,2
$40k+ car,2,2
not the door,2,2
even bigger ding,2,2
offending door,2,2
jigsaw puzzle stories,2,2
different days,2,2
different parts,2,2
test numbers,2,2
side molding,2,2
current styling,2,2
all-season,2,2
chicago weather,2,2
any decent rwd car,2,2
low miles,2,2
leather conditioner,2,2
bad times,2,2
snuff,2,2
filters,2,2
me.it,2,2
oscar thing,2,2
pick-ups,2,2
06  acura,2,2
same point,2,2
walmart,3,2
"some, little bit",2,2
better model,2,2
those customers,2,2
lock,3,2
offerings,2,2
more effort,2,2
but the same plain vanilla engineering,2,2
more leather,2,2
most modern  car,2,2
ignition timing,3,2
real question,2,2
bucket,2,2
emergency,2,2
fool's economy,2,2
winter driving,2,2
woods,2,2
it.best regards,2,2
winter ru toyota,2,2
"acura, lexus, infiniti",2,2
marketing hype,2,2
twins,2,2
not a heck,2,2
fugly gm interiors,2,2
most improved  grade,2,2
good effort,2,2
massive grille,2,2
low end torque,2,2
about a week,2,2
il chevrolet ted,2,2
ethanol,2,2
stations,2,2
sunocos,2,2
company's apparent lack,2,2
niche audience,2,2
well.by,2,2
horrific performance,2,2
slipperyness,2,2
plywood,2,2
vertical sheet,2,2
wind tunnel complete control,2,2
bulky box,2,2
fascia,2,2
chrome guy,4,2
rock-um sock-um robot,2,2
toy designers,2,2
mattel,2,2
committee,2,2
overall impression,2,2
yesteryear,2,2
fundamentally better engineered car,2,2
luxury performance car,2,2
entry performance,2,2
wood interiors,2,2
lil,2,2
entry lux-brand,2,2
p  side,2,2
dials,3,2
bloated mess,2,2
ie - dash,2,2
very angled area,2,2
underside,2,2
much better car,2,2
evolutionary design,2,2
firebird,2,2
low enough price gm,2,2
those engineering geniuses,2,2
very similar resale performance,2,2
clean trade-in value,2,2
great service,2,2
knob,2,2
good vehicle,2,2
normally designed size-range,2,2
v16,3,2
gremlins,2,2
very short skirts,2,2
sixteen year old step-s toyota,2,2
arrangement,2,2
toyota .i,2,2
tasks,2,2
volkswagon  volkswagen,2,2
bmw.i,2,2
2  bmw,2,2
152k,4,2
short time,2,2
fine print,2,2
pedal parking brake,2,2
no backup camera,2,2
no real keyless system,2,2
no full function voice commands,2,2
bts,2,2
l toyota  price,2,2
hk,3,2
toyota ues,2,2
mother's hoover upright,2,2
beauty mix,2,2
original price,2,2
same vintage,2,2
hand-operated   parking  brakes,2,2
reason european  car,2,2
san francisco,2,2
manual transmission-equipped car,2,2
voice command,3,2
its times,2,2
maybe a  chevrolet,2,2
no gm,2,2
no joke,2,2
straights,2,2
2008 cts-v prototype,2,2
middle console area,2,2
car salesman,2,2
revenue,2,2
2006 e90 330i,2,2
driving.i,2,2
m45x,2,2
2008 infiniti m45x,2,2
rear passenger area'small windows,2,2
cts's instrument panel,2,2
gm's brilliant marketing campaign,2,2
any other consideration,2,2
tough competition,2,2
four passengers,2,2
good track credentials,2,2
virginia international raceway,2,2
summit point,2,2
driven watkins glen,2,2
jackie stewart,2,2
stone-simple ultra-reliable manual transmission,2,2
steep hill,2,2
real transmission,2,2
its highs,2,2
no dice,2,2
bold exterior design,2,2
well-sorted chassis,2,2
highs,2,2
smaller luxury  sedan,2,2
much larger and usable back seat,2,2
steeply raked rear window,2,2
smallest car,2,2
less  toyota,2,2
its chosen category,2,2
smaller  bmw,2,2
considerably less  toyota,2,2
phenomonally poor job,2,2
any  audi,2,2
sep,2,2
buying price,2,2
slide,2,2
subsequent years,2,2
new mappings,2,2
1st year model,2,2
turbo engines,2,2
construction areas,2,2
u.s. roads,3,2
temporary thing,2,2
smallish people,2,2
towncar,2,2
what planet peolpe,2,2
turkey,2,2
enough leg room,2,2
know.you,2,2
lows,2,2
finance rate,2,2
another party,2,2
general opinion,2,2
3 series(though,2,2
arm space,2,2
deep enough cushions,2,2
split/fold  seat,2,2
bit too upright(the problem,2,2
serious mind-boggling bloat,3,2
d toyota inct feeling,2,2
$10-15k,2,2
3 kids,2,2
fine act,2,2
impossible bumpy,2,2
big floaty buick,2,2
most urban areas,2,2
one year,2,2
tmv,2,2
exchange rate,2,2
at least 4 years,2,2
hot car,2,2
"weight, bling factor",2,2
good stuff,2,2
imagine,2,2
territory,2,2
ellpss,2,2
favorites,2,2
ex toyota ing model,2,2
sofa,2,2
lazy-boy reclining effect,2,2
beauties,2,2
true.i,2,2
bimmer boards,2,2
huge hit,2,2
relevance,2,2
1997 catera,2,2
1989 allante,3,2
1982 cimarron,3,2
1976 seville,2,2
other members,2,2
knobs,2,2
entire u.s,2,2
japanese company,2,2
other competiotrs,2,2
seriously competent competitor,2,2
inch,2,2
bmw guy,2,2
61k,2,2
pervasive myth,2,2
couple  bmw,2,2
financial standpoint,2,2
interior standard,2,2
auto news,2,2
louiswie,2,2
grocery store,2,2
them.i,2,2
gaps,2,2
union,3,2
talking heads,2,2
its ability,2,2
united auto workers,2,2
standard engine,2,2
dealer lot,2,2
quick drive,2,2
3.0 300 hp engines,2,2
epa space,3,2
hangup,2,2
better example,2,2
hot-rod,2,2
v8 engine option,2,2
major features,2,2
so many other parts,2,2
only the infiniti  bmw,2,2
gm'sigma platform,2,2
whole 'nother epa category,2,2
all the above mentioned vehicles,2,2
total length,2,2
both the front and rear  seat,2,2
fit-'n-finish,2,2
insane amounts,2,2
so depreciation levels,2,2
buy,2,2
extra cost,2,2
many instances,2,2
possible manufacturer-suggested solutions,2,2
particular vehicle,2,2
repair bulletins,2,2
auto editors,2,2
gear ratios,2,2
back seat room,2,2
nice job,2,2
slowness,2,2
gm's engine development,2,2
electrifying power,2,2
5 and 3 propels,2,2
caddy's 300 hp v6,2,2
fees,2,2
new-car dealership,2,2
charges,2,2
replacement costs,2,2
pricing information,2,2
add-ons,2,2
typical repair,2,2
likely repairs,2,2
l toyota s costs,2,2
coststhis table,2,2
additional vehicle  problem,2,2
own expert,2,2
technical service bulletins,2,2
these trouble spots,2,2
maintenance/repair costs,2,2
3 series competitor,2,2
these models,2,2
140k,2,2
highest rating,2,2
weapons grade torque,2,2
30gb,2,2
speaker,2,2
probably the finest example,2,2
venerable r-2800,2,2
turn signals,2,2
accident lookie-loos,2,2
50  dodge  machine guns,2,2
same poor pot,2,2
disc,2,2
best infotainment system,2,2
pressure plate,2,2
dealers auctions,2,2
first purchase,2,2
two different planets,2,2
any person,2,2
low 20s,2,2
cvt transmission,2,2
engine start,2,2
gimmicky,2,2
one nifty little feature,2,2
able touch,2,2
winners,2,2
perhaps an infiniti,2,2
friday night,2,2
dark,2,2
euro exchange rates,2,2
european vehicle,2,2
soft ride,2,2
perfect choice,2,2
past few years,2,2
3m,2,2
leased car,3,2
105 mph,2,2
second opinion,2,2
elevation,2,2
detour,2,2
about 99%,2,2
much better idea,2,2
bad brakes,2,2
added gadgetry,2,2
braces,2,2
fantastic feature,2,2
good condition,2,2
you&#146;ll,2,2
no questions,2,2
pontiac 5 cost comparison,2,2
accurate  bmw,2,2
$4000 total,2,2
+$1500 cost,2,2
three months,2,2
(european delivery,2,2
bmw's favor,2,2
gas prices,2,2
vinyl-padded interior surfaces,2,2
euro-spec bmw,3,2
such a small car,2,2
19  chrome wheels,2,2
volumes,2,2
better handler,2,2
about 30k,2,2
e46 ci,2,2
piggy weight,2,2
wits,2,2
1988  bmw,2,2
value equation,2,2
vintage,2,2
old kelly blue book,2,2
serious crack,2,2
premium audio,2,2
8-10 weeks,2,2
mag,2,2
entire trip,2,2
actuality,2,2
paris,2,2
thailand,2,2
major issues,2,2
i6 biturbo vs.v8,2,2
individual's call,2,2
enough fuss,2,2
effortless acceleration,2,2
too much stock,2,2
4-doors,2,2
recent vintage,2,2
14.9%,2,2
38.3%,2,2
today's top,2,2
44k msrp,2,2
new bmw line-up,2,2
value call,2,2
don'think,2,2
touring model,2,2
'08 tl,2,2
bonneville,2,2
sources,2,2
punch,2,2
$49k,2,2
2003 car,4,2
very nice  car,2,2
vacinity,2,2
75k,2,2
6 year old car,2,2
wise choice,2,2
pricing/power/economy,2,2
not an owner,2,2
almost 5000 mi,2,2
dilemma,2,2
top shelf,2,2
pendulum,2,2
coverage,2,2
major problem,2,2
warrantee expiration,2,2
routine stuff,2,2
years.i,2,2
warrantee,2,2
also.i,2,2
extended warranties,2,2
subaru svx,2,2
dying brand,2,2
streak,2,2
happy holidays,2,2
new york,2,2
collection,2,2
'07 tl,2,2
reliability standpoint,2,2
luxury performance sedan forum,2,2
1991 s560,2,2
relative dollar value terms,2,2
expensive repairs,2,2
infiniti q45,2,2
dealer experience,2,2
g20,3,2
whole bunch,2,2
inifiniti,2,2
another subject,2,2
lexus ls400,2,2
dreams,2,2
sure.i,2,2
service bay,2,2
lease option,2,2
335 look,2,2
advanced technology,3,2
discerning professional,3,2
2 mpg,2,2
median speed,2,2
cv joints,2,2
colleague,2,2
dsg transmission,2,2
really nice car,2,2
2 year old car,2,2
27k miles,2,2
power difference,2,2
little light,2,2
"$86,700 base",2,2
'08 s550,2,2
'05 530ia,2,2
jerks,2,2
78%,4,2
250 rwd,2,2
only 53%,2,2
253mph,3,2
12 minutes,2,2
lip spoiler,2,2
enough power,2,2
22 mpg,2,2
340hp,2,2
16mpg,3,2
highway travel,2,2
340hp v8,2,2
pi,2,2
"smooth, quiet ride",2,2
same conclusion,2,2
same vein,2,2
angles,2,2
bonnet,2,2
not a entry-level performance sedan,2,2
dealer visits,2,2
about a half dozen very capable sports  car,2,2
70.4 mph,2,2
definitely  car,2,2
pretty good job,2,2
type-s,2,2
awesome  car,2,2
ratings,2,2
absolute blast,2,2
bounds,2,2
leaps,2,2
x/sports package,2,2
failures,2,2
lexus gs350,2,2
miserable base engine,2,2
slightly better mileage,2,2
most japanese  car,2,2
5mpg difference,2,2
base trim,2,2
no sport suspension,2,2
no respect,2,2
just nothing,2,2
these   luxury  car,2,2
fake wood trim,2,2
mostly artificial leather,2,2
auto mags,2,2
most drivers,2,2
enough hp,2,2
gs owner,2,2
every single penny,2,2
ed one,2,2
rental car fee,2,2
good shopper,2,2
all the room,2,2
late 20s,2,2
driving synamics,2,2
faster car,2,2
store,3,2
buttah,2,2
lex,2,2
mitsubishi 3000gt,2,2
different animal,2,2
clutches,2,2
not a bmw,2,2
100 hp,2,2
winding track course - and win,2,2
rwd gt3,2,2
porsche's racing team,2,2
cummins,2,2
240z,4,2
boat grandpa,2,2
bmw t,2,2
choice btwn,2,2
humble opinion,2,2
x35i,6,2
general tendency,2,2
credit cards,3,2
chassis-athleticism,2,2
really anything,2,2
2 very nice acura,2,2
decent fuel economy,2,2
2.9% financing,2,2
responsiveness,2,2
g  car,2,2
7 speed,2,2
main complaint,2,2
biggest complaint,2,2
much more bang,2,2
location,2,2
simple reason,2,2
such comments,2,2
flamethrower,2,2
nose heavy car,2,2
new product,2,2
tx panhandle,2,2
overweight s4,2,2
audi's quatro,2,2
mega-speed transmission,2,2
small/sport economy car,2,2
800 miles/week x 52 weeks,2,2
800 miles,2,2
manual transmission bigot,2,2
wifey,2,2
diesel  car,2,2
euro/japanese diesels,3,2
500 miles,2,2
single week,2,2
1993 geo prizm,2,2
19mpg,2,2
whole thing,2,2
"(cough, cough",2,2
"potentially, expensive repairs",2,2
extra maintenance,2,2
rwd counterparts,2,2
satisfaction,2,2
lax super,2,2
very good gas mileage,2,2
same money,2,2
very expensive car,2,2
1 day,2,2
rush,2,2
donut spare,2,2
wrong wheel drive,2,2
home depot,2,2
tl-s model,2,2
no 6-speed manual,2,2
paved roads,2,2
auto manufacturers,2,2
driving character,2,2
volkswagen  cart namned lotus elise,2,2
new twin-turbo engine,2,2
alltorque,3,2
true sports sedan,2,2
sport car,2,2
07 cts,2,2
all the comparisons,2,2
grand national,2,2
"uh, fastest buick",2,2
its top speed,2,2
super's 0-60 time,2,2
other so-called   experts,2,2
-road,2,2
freak snowstorm,2,2
quite the opposite,2,2
big awd fan,2,2
awd units,2,2
nice feature,2,2
saturn  a   sports sedan,2,2
its bucket  seat,2,2
[answer]yes,2,2
bmw  before?[unquote,2,2
luxurious car,2,2
fast car,2,2
other  buick,2,2
far better handling car,2,2
which model,2,2
high-performance  bmw,2,2
can&#146;t,2,2
only vehicles,2,2
deference,2,2
us gallons,2,2
no expert,2,2
passenger  car,2,2
kerosene,2,2
jet a,2,2
less fuel,2,2
other users,2,2
lower stance,2,2
stock setup,2,2
most important issue,2,2
thirsty side,2,2
same idea,2,2
most nimble car,2,2
more grip,2,2
4 wheels,2,2
refinery,2,2
refineries,3,2
hydrogen shortage,2,2
oil shortage,2,2
heavy oils,2,2
asphalt,2,2
heating oil,2,2
percentages,2,2
us model,2,2
more diesel,3,2
large percentage,2,2
more gasoline,2,2
almost any combination,3,2
d5,3,2
general consensus,2,2
unreliable car,2,2
dual hvac,2,2
self drying brakes,2,2
worthless gizmos,2,2
insulation,2,2
19 inch wheels,2,2
heavy stuff - sunroof,2,2
output,2,2
buckets,2,2
last several years,2,2
4-banger,2,2
wonderful  honda  mileage,2,2
tl mileage,2,2
wonderful things,2,2
if anything,2,2
boring  car,2,2
key point,2,2
sport  segment,2,2
relatively lighter weight,2,2
crisp handling,2,2
audi purchasers,2,2
remaining minimal sales,2,2
hypothetical 2009 tl,2,2
4 cylinder engine,2,2
i4 engines,2,2
engineering.i,2,2
tii,2,2
efforts,2,2
3100 lbs,2,2
fun sedan,2,2
150-200 lbs,2,2
metal fenders,2,2
auto windshield wipers,2,2
certainty,2,2
regular tl,2,2
flying arms,3,2
connecting rods,2,2
more connecting rods,2,2
triple digits,3,2
similar price,2,2
same results,2,2
multiple camshafts,2,2
extra connecting rods,2,2
design nightmare - angles,2,2
v engines,2,2
much less mechanical complexity,2,2
inline engines,3,2
wikipedia,2,2
likely future maintenance/repair issues,2,2
another co,2,2
sensor,2,2
reliabilty,2,2
same pain,2,2
wheeeeeeeee,2,2
good dealer,2,2
volkswagen  fahrenheit,2,2
salesperson,2,2
normal wear,2,2
09  acura,2,2
flashbacks,2,2
small amount,2,2
super handling,2,2
2009 tl w/ sh-awd,2,2
tq,2,2
new turbo,2,2
good taste,2,2
reliable car,2,2
us gallon,2,2
reception toyota,2,2
:lemon,2,2
toyota ue,2,2
audi tt,2,2
audi  avant,2,2
car ages,2,2
audi  cab,3,2
several hundred pounds,2,2
lease payments,2,2
butt traffic issues,2,2
power equipment,2,2
xyz,2,2
own question,2,2
followup,2,2
next wednesday,2,2
hey doc,2,2
little anecdote,2,2
software issue,2,2
transmission problem,2,2
2009  audi,2,2
same stuff,2,2
salespeople,2,2
medium,2,2
15.6 mpg,2,2
k&n filter,2,2
87 octane,2,2
answers,2,2
any gm car,2,2
financial wherewithall,2,2
yawn,2,2
cts-v competes,2,2
$70k,2,2
synthetic oil changes,2,2
thermostat,2,2
brake light switch,2,2
past 27 years,2,2
any repairs.+,2,2
23k miles,2,2
dark horse,2,2
2007 tls,2,2
2006 acura,2,2
sae,2,2
bulbs,2,2
its entire line,2,2
turbocharging,2,2
infiniti dealers,2,2
load,2,2
infiniti owning friends,2,2
first four years,2,2
at least  bmw,2,2
20cos,3,2
toyota /lowest%20repair%20cos-,2,2
isuzu models,2,2
models(mostly their heavy duty trucks,2,2
certain gm,2,2
cheapest  car,2,2
idiocy,2,2
equivalent replacements,2,2
european filters,2,2
v.i,2,2
rear seat room,2,2
300hp twin turbo,2,2
many comparos,2,2
not many people,2,2
disagreement,2,2
infiniti thinking,2,2
here and the luxo performance board,2,2
2 boards,2,2
same exact discussion,2,2
government work,2,2
bmw water pump,2,2
lexus water pump,2,2
infiniti water pump costs,2,2
new car dealer,2,2
all non-warranty work,2,2
late 90s,2,2
routine service,2,2
only open l toyota uid containers,2,2
beverages,2,2
starbucks,2,2
great vehicles,2,2
maintainance,2,2
automatic or etc(electronic throttle control,2,2
almost any car's headlight assembly,2,2
huge problem,2,2
even the super-rich worry,2,2
today's economy,2,2
$0 maintenance,2,2
financially good decision,2,2
big hit,2,2
newer ellps,2,2
any maintenance costs,2,2
biggest cost,2,2
500hp  bmw,2,2
export,2,2
aftermarket accessory,2,2
taxi users,2,2
very few  car,2,2
crazy talk,2,2
another e30,2,2
still a lot,2,2
much better dder,2,2
e30 325is,2,2
imagination,2,2
repair tools,2,2
best built  car,2,2
no other  problem,2,2
one link,2,2
even my girlfriend,2,2
holden commodore,2,2
yuk,2,2
audi quality,2,2
peugeots,2,2
kwitcherbitchin,2,2
fit/finish,2,2
few  problem,2,2
lemon laws,2,2
longest time,2,2
hundreds of thousands,2,2
7-speed transmission,2,2
chrysler quality,2,2
blessings,2,2
you.i,2,2
more vehicles,2,2
it's rear view mirror,2,2
extreme  toyota,2,2
pleather  bmw,2,2
min,2,2
far reach,2,2
no idiocy,2,2
&#145;short l toyota,2,2
370 tq,2,2
all the way,2,2
we&#146;re,2,2
commands,2,2
s tronic,2,2
saturday morning,2,2
1.9%,3,2
audi drive select,2,2
'short l toyota,2,2
2009  audi  prestige,2,2
$53k,2,2
gizmos,2,2
pearlescent white) good reliability,2,2
most women,2,2
meh,2,2
other colors,2,2
white 2009 pontiac,2,2
hideous.acua  acura,2,2
it.acura,2,2
suvinfiniti,2,2
07 lexus is250 awd,2,2
isn'this,2,2
dicey proposition,2,2
hers,2,2
2010 s4,2,2
straight-line performance,2,2
9 years,2,2
japanese reliability,2,2
perfect compromise,2,2
great reliability,2,2
upkeep,2,2
domestic vehicles,2,2
audi reliability,2,2
good looking,2,2
only gm,2,2
luxury  brand,2,2
2mpg,2,2
several thousand dollars,2,2
previous generation cts,2,2
its idiocy,2,2
overall a great deal,2,2
sts territory,2,2
above statements,2,2
detroit auto show,2,2
pre-production version,2,2
much credibility,2,2
approach,2,2
just the engine,2,2
mountain roads,2,2
winter tires/wheels,2,2
e39 530i,2,2
@5 cents,2,2
1995 3 series,2,2
urban  acura,2,2
iirc,2,2
much more refined car,2,2
even a tl,2,2
lexus rx350,2,2
same msrp,2,2
show room,2,2
2008  pontiac,2,2
snow belt,2,2
weight penalty,2,2
highest peak,2,2
winter rallycross,2,2
almost any awd system,2,2
superior subaru system,2,2
changeover,2,2
no traction control,2,2
3 blizzards,2,2
postive thing,2,2
very high msrp numbers,2,2
all the fancy gadgets,2,2
inline v6,2,2
sec,2,2
any other manufactures,2,2
straight-line,2,2
brake job,2,2
'11  bmw,2,2
long winters,2,2
other driver,2,2
24  all-season tires,2,2
peripheral vision,2,2
movement,2,2
non-fat latte,2,2
fearless mountain goat,2,2
nokians,2,2
steel wheels,2,2
"$50,000 335xi",2,2
1000+ hp caddy v-16,2,2
brisk acceleration,2,2
4g fwd tl,2,2
shift shock,3,2
comps,2,2
post-,2,2
tread,2,2
front wheel,2,2
no heat,2,2
teeth-shattering vibration,2,2
old diesel land rover,2,2
winters,2,2
wheel locks,3,2
auto tilt-down,3,2
outside mirrors,2,2
temps,2,2
last couple days,2,2
luxury-package,2,2
sport-suspension,2,2
$47k,2,2
bankruptcy,2,2
tight race,2,2
original warranty,2,2
right one,2,2
22mpg,2,2
24mpg,3,2
known h toyota ory,2,2
car  seat,3,2
latches,2,2
bilsteins,2,2
290hp,3,2
grand scheme,2,2
regular a/t,2,2
older-age customer base,2,2
similar situation,2,2
large luxury sedan,2,2
serious competitor,2,2
joy-ride,2,2
tl awd,2,2
sloam,2,2
ball park,2,2
mercedes-benz  e,3,2
new technology,2,2
its current form,2,2
2010 tl sh-awd,2,2
zdx,2,2
bmw motorcycle,2,2
acura line,2,2
next move,2,2
available 6 speed stick w/ sh awd,2,2
big trunk,2,2
other 3 people,2,2
is350's accleration,2,2
dogs,2,2
admission,2,2
328's lexus 250s,2,2
g'stats,2,2
better rig,2,2
only reviews,2,2
home theater magazine,2,2
those limits,3,2
more exclusive vehicle,2,2
principle,2,2
age group imbalance situation,2,2
very strong upper lineup,2,2
missing piece,2,2
potential upgrade,2,2
good candidate,2,2
caddy's future,2,2
too much gas guzzling,2,2
3 year old car,2,2
its appeal,2,2
spam,2,2
gamut,2,2
normal driving speeds,2,2
shift leaver,2,2
grown man,2,2
perfect bmw,2,2
very heavy vehicle,2,2
glamour,2,2
all the glitz,2,2
rear wheel,2,2
10  acura,2,2
2000 tl,2,2
all that gas guzzling,2,2
2500 rpm,2,2
tach,2,2
85mph,8,2
6speed auto,2,2
higher rpm,2,2
smart people,2,2
x6,4,2
its mind,2,2
rental car lots,2,2
potential force,2,2
next q,2,2
respectable flagship,2,2
new transmissions,2,2
maintenance item,2,2
4 cylinder  acura,2,2
chains,2,2
new body style,2,2
tl chat,2,2
happy motoring,2,2
user name,2,2
each automaker,2,2
new radar,2,2
mass traffic/law enforcement,2,2
3500.. not much time,2,2
09  audi,2,2
great engine,2,2
infiniti  car,2,2
30 highway,3,2
another dealership,2,2
few dozen,2,2
what one,2,2
those brands,2,2
acura owners,3,2
other companies,2,2
warranty problem,2,2
acura customer service,2,2
national level,2,2
very reliable vehicles,2,2
little to no worry,2,2
acura model,2,2
entire brand,2,2
absolutely no issues,2,2
black dots,2,2
acura vehicles,2,2
other flagships,2,2
strong upper lineup,2,2
another problem,2,2
"5, 6 and 7 series",2,2
loyal customers,4,2
entry level product,2,2
younger buyers,4,2
below-30 crowd,2,2
caddy's chance,2,2
-m  bmw,2,2
all brands,2,2
though.i,2,2
3 transmissions,2,2
all the tranny failures,2,2
same dealership,3,2
3rd bmw,2,2
main topic,2,2
not the union rank,2,2
union heads,2,2
rear rotors,2,2
ann arbor,2,2
new front rotors,2,2
4 new pads,4,2
"35,000 miles",2,2
well known problem,2,2
11 days,2,2
ingrid,2,2
acura rep,2,2
rebuilt one,2,2
period.my daughter,2,2
jet kit quick service,2,2
nuances,2,2
house front,4,2
new nissan,2,2
them.by,2,2
lessons,2,2
us.none,2,2
3 blown transmission,2,2
infiniti.disregarding constant complaints,2,2
truly great service,2,2
no cost.this,2,2
guards,2,2
warping,2,2
front  suzuki  guards,2,2
front rotor turning,2,2
wife's 2007  pontiac,2,2
rear rotor replacement,2,2
all the non,2,2
nerves,2,2
merrit parkway,2,2
l saturn,2,2
merritt parkway,2,2
summer performance tires,2,2
participate,2,2
current  infiniti  owners,2,2
infiniti  forum,2,2
any other vehicle,2,2
different pads,2,2
acura/honda,2,2
class action suit,2,2
hard working folks,2,2
quality location,2,2
dividends,2,2
all the pain,2,2
solid 8 and 9 figure territory,2,2
400 l toyota,2,2
most recent forbes,2,2
peer standards,2,2
monuments,2,2
travel plans,2,2
first bimmer,2,2
50k warranty,2,2
445r,2,2
coin,2,2
1k tien coilovers,2,2
"19  $5,800 hre style 445r wheels",2,2
oem ground kit,2,2
left lane,2,2
-tl,2,2
spied!-2012,2,2
lmao prestige,2,2
2010 mb e550,2,2
2008mb gl550,2,2
fastest....lol,2,2
2007  acura,4,2
2008 tl type,2,2
no power,2,2
about 60 cents,2,2
c people,2,2
highest luxury sales,2,2
droves,2,2
loaded up acura,2,2
fair share,2,2
own oil,2,2
penniless,2,2
those standards,2,2
last dang time,2,2
every gadgets,2,2
better  honda,2,2
conjunction,2,2
german luxury sales,2,2
6-3 guy,2,2
hearing loss,2,2
any data,2,2
strong conclusions,2,2
its sound system,2,2
even hundreds,2,2
many tens,2,2
300zx turbo,2,2
sport performance,2,2
which acura,2,2
better designs,2,2
these ridiculous figures,2,2
loans,2,2
"3,362 pounds",2,2
preferably an i-6 or turbo 4 180-200hp minimum.3 - curb weight,2,2
given):1 - rwd2 - inline engine,2,2
three components(manual,2,2
real sport sedan experience,2,2
its roots,2,2
all german vehicles,2,2
acura fan boy,2,2
best fuel economy vehicle,2,2
those competitor models,2,2
luxury companies,2,2
26mpg,3,2
home prices,2,2
messiah,2,2
and the pursuit,2,2
gm'specialty,2,2
"more expensive, more depreciating, higher chance possibility",2,2
each website,2,2
alg,2,2
pretty accurate a cross,2,2
epa and manufacturer mpg  toyota tes,2,2
bull,2,2
its a bunch,2,2
best highway mpg,2,2
dampers,2,2
another 25 pounds,2,2
gfts,2,2
most loaded is350,2,2
is350 sports,2,2
51k+,2,2
higher cost,2,2
free speech,3,2
its day,2,2
labor rates,2,2
many electrical  problem,2,2
tl-shawd,2,2
great way,2,2
fare,2,2
taxies,2,2
total price,2,2
german and japanese vehicle,2,2
engine sizes,2,2
own word,2,2
its not called prestige,2,2
prestige/ reputation factor,2,2
both car company,2,2
then german vehicles,2,2
higher residual values,2,2
great japanese vs german luxury debate,2,2
german car envy,3,2
epa dynometer testing,2,2
testers,2,2
epa mpg numbers,2,2
manufacturers space numbers,2,2
space figures,3,2
attn span,2,2
hpdes,2,2
taxis,2,2
exactly zero electrical  problem,2,2
idle,2,2
15%,2,2
real life resale,2,2
buggati,2,2
roughly $44-45k,2,2
new m,2,2
gorgeous interior,2,2
any points,2,2
descriptions,2,2
v6 option,2,2
its the same car,2,2
count,2,2
quart,2,2
particularly bmw,2,2
asian vehicles,2,2
reliability/repair frequency,2,2
most european vehicles,2,2
same size engine,2,2
higher chance,2,2
21mpg,4,2
expert,2,2
next ride,2,2
2001 honda  type,2,2
awd option,2,2
infinities,2,2
v6  ford,2,2
no stick shift,2,2
own way,2,2
taillights,2,2
superb,2,2
japanese bmw contender,2,2
only a couple,2,2
band,4,2
"great, great, great, great, grand children",2,2
generation loans,2,2
last two years,2,2
acura media,2,2
250 lbs,2,2
just another member,2,2
^ spam alert,2,2
long paragraphs,2,2
sleet,2,2
special ordering,2,2
new hamster,2,2
4 heads,2,2
westchester county,2,2
smoother/more quiet ride,2,2
dec-mar,2,2
machine,2,2
just my personal preference,2,2
tuesday,2,2
best performance,2,2
no option,2,2
m45 buyer,2,2
rather narrow slice,2,2
550 and m45 crowd,2,2
specific reasons,2,2
diesel option,2,2
bigger autobahn,2,2
its own bit,2,2
27 months,2,2
bmw 5 series competitor,2,2
worlds,3,2
true sport sedan,2,2
328hp,2,2
needs.i,2,2
american offerings,2,2
them.i've,2,2
cts4,2,2
least expensive car,2,2
inspection ii,2,2
milwaukee,2,2
cpo vehicles,2,2
no trade-in hassle,2,2
leasing - new car,2,2
cpo options,2,2
interesting option,2,2
kirstie,2,2
volkswagen  version,2,2
zip,2,2
road--,2,2
track days,2,2
fwder,2,2
cts-v. people,2,2
great things,2,2
thumb,2,2
lux,4,2
breaks,2,2
tender love,2,2
scratches,2,2
maintenance records,3,2
luxury name,2,2
used sales,2,2
first owner,2,2
neglect,2,2
butt time,2,2
only the 2 or 3 year mark,2,2
vinyl interiors,2,2
luxury lots,2,2
even an acura,2,2
parents house,2,2
ithaca,2,2
9 vehicles,2,2
audi /lexus competitor,2,2
current form,2,2
8 vehicles,2,2
any spy shots,2,2
short my,2,2
2012 model,2,2
electric power,2,2
wife's 2010  acura  tech,2,2
sanjaysdca - 20k,2,2
w/ 6 speed manual transmission,2,2
time.i,2,2
good chunk,2,2
sporty driving character toyota ics,2,2
any main honda  flagship sedan,2,2
sporty family sedan,2,2
new max,2,2
replies,2,2
lucerne clone,2,2
above post,2,2
nyc auto show,2,2
entire driving life,2,2
ppi,2,2
cpo or private party,2,2
just an amazing car,2,2
rein acura,2,2
rockland county,2,2
127k,2,2
final mortgage payment,2,2
good neighborhood,2,2
fixer upper house,2,2
true build quality and long term value,2,2
$20k  acura,2,2
attractive car,2,2
37x,5,2
just something,2,2
previous  nissan,2,2
main honda  large  sedan,2,2
multiple put downs,2,2
two vehicles,3,2
contradictions,2,2
put downs,2,2
good competitor,2,2
what class,3,2
56 percent,2,2
leased  infiniti,2,2
resonant tailpipe tone,2,2
99 millennia,2,2
then the  acura,2,2
4-cylinder,2,2
lb-ft,2,2
200 horsepower,2,2
way too much torque,2,2
best manual,2,2
price ceiling,2,2
sum,4,2
any truck forums,2,2
pickup trucks,2,2
cayenne turbo,2,2
current market value,2,2
another 100 lbs,2,2
5+ year ownership experience,2,2
hardly anyone,2,2
(no options,2,2
toyota  v6 xle,2,2
almost the same exact options,2,2
14k,2,2
14k discount,2,2
loaded g,2,2
fantastic alternative,2,2
upscale family sedan,2,2
negotiation,2,2
hyundai s,2,2
high resale value,2,2
4 bmw,2,2
rod,2,2
own engineering,2,2
c-350,2,2
ford parts,2,2
new x3,2,2
bmw sites,2,2
forced induction,3,2
326 hp,2,2
non run flats,2,2
tire stores,2,2
most dealerships,2,2
new  ford,2,2
same one,2,2
2009 honda  coupe,2,2
slick conditions,2,2
awd version,2,2
4-5 year old caddy,2,2
zhp package,2,2
then the  audi,2,2
cloud,2,2
every bump,2,2
hike,4,2
328s,4,2
value package,2,2
m package,2,2
more miles,2,2
2005 bmw 330i,2,2
tw toyota y road,2,2
driving feel,2,2
entry level luxury sedan,2,2
entry level car,2,2
2010  acura,2,2
direct injection,2,2
other really well built and well engineered  car,2,2
gm/cadillac model,2,2
primary duty,2,2
1995 w/ 127k miles,2,2
salvation army,2,2
financially soph,2,2
high price tag,2,2
bit more discerning,2,2
almost every car,2,2
another country,2,2
bentleys,2,2
current range,2,2
same designer,2,2
ferrari daytona,2,2
same designers,2,2
m sport package,2,2
mark-,2,2
proper sports,2,2
plain vanilla 4 cylinder engine,2,2
just a plain vanilla   honda,2,2
5-speed stick,2,2
sport diff,2,2
premature seat wear,2,2
long story,2,2
advance package,2,2
emails,2,2
most d toyota urbing part,2,2
grocery getter,2,2
lives,2,2
e30 series,2,2
comparison tests,2,2
bmw's marketing payroll,2,2
ass toyota,2,2
more content,2,2
such vehicles,2,2
3200lb rwd sedan,2,2
main honda,2,2
mindset,2,2
too much emphasis,2,2
lexus brand,2,2
needlessly large tires,2,2
huge amounts,2,2
these brands,2,2
4 clunkers,2,2
safe vanilla choice,2,2
big lexus,2,2
highest-end large car,2,2
bit plain vanilla,2,2
b&o,2,2
blind spot warning system,2,2
cadillac cts/4,2,2
2012 acura tl sh-awd advance,2,2
42 months,2,2
carwoo,3,2
other drive layouts,2,2
how heavy  car,2,2
technical standpoint,2,2
there'simply no reason,2,2
generous sized trunks,2,2
4 people  toyota,2,2
more technology,2,2
higher performance,2,2
"1,000 miles",2,2
b&o system,2,2
40mpg,3,2
2008 bmw,2,2
last 3 years,2,2
"2,000,000 unit pie",2,2
good slice,2,2
bmw  forum,2,2
\ alpine road,2,2
gerlos,3,2
krimml,5,2
virtues,2,2
vices,2,2
75mph,2,2
dry weight  l toyota ed,4,2
normal stuff,2,2
3500+ lbs,2,2
dayton,2,2
more house,2,2
ya pal,2,2
good things,2,2
audi dealer,2,2
sline,6,2
sport steering wheel,2,2
even an 05  audi ...model change,2,2
98  audi,2,2
not ultra high performance,2,2
afternoon,2,2
memmingen,4,2
san bernardino,2,2
pitelli,2,2
innsbruck,2,2
58k,3,2
knee,2,2
twice the price,2,2
ultimate driving experience,2,2
extra year,2,2
standard  honda,2,2
current  acura,2,2
recent article,2,2
narrow price elasti honda,2,2
4cy engine,2,2
rear bumper,2,2
japanese bmw,2,2
running commentary,2,2
infiniti x/s,2,2
sport differential,2,2
current line,3,2
1997 e36  bmw  sedan,2,2
inferior  car,2,2
cinque terre,2,2
20 sept,2,2
trento,2,2
cows,2,2
breakfast,2,2
schedule,2,2
major car mags,2,2
real car drivers,2,2
less then 10%,2,2
tuner crowd,2,2
agrument,2,2
entry point,3,2
jewel,2,2
beefier rear sway bar,2,2
again the acura,2,2
cheese,2,2
most households,2,2
$80k income,2,2
bang,2,2
full cry,2,2
audi connection,2,2
4 cyl motors,2,2
acura'sh,2,2
similar msrp,2,2
bmw 7x,2,2
back-up sensors,3,2
phantom,2,2
rr ghost,2,2
blind spot,2,2
columbus,3,2
loaner  acura,2,2
cities,2,2
n54 twin turbo,2,2
back-up camera,2,2
rs-a,2,2
decent tread wear,2,2
all season tire,2,2
ultra high performance,2,2
a/s tires,2,2
michelin  honda  sport,2,2
exhaust system,2,2
375lbs,2,2
great mileage,2,2
350hp,4,2
all intents,2,2
new shoes,2,2
car imho,2,2
manufacturers' rebates,2,2
tpms,2,2
police,2,2
sacd's that sound,2,2
best sounding discs,2,2
recording,3,2
ignorance,2,2
pandora,2,2
honda ing,2,2
i l toyota,2,2
watercolors,2,2
deep tracks,2,2
96khz,3,2
bose products,2,2
best factory sound system,2,2
roughly 30%,2,2
roughly 16%,2,2
bitrate,2,2
any porcupine tree dvd,2,2
surround sound,2,2
acura sound system,2,2
redbook cd,2,2
singles,2,2
every breath,2,2
buyer's annual income,2,2
more 30-50%,2,2
avearge income households,2,2
average-priced new car,2,2
average income earner,2,2
late-20,2,2
top 20% income level,2,2
hard way,2,2
relative terms,2,2
